Model,Accuracy,Sensitivity,Specificity,Precision,Recall,F1,Baccuracy
bayesglm,0.781163434903047,0.738160178527151,0.801814516129032,0.751767676767677,0.738160178527151,0.744901789065432,0.769987347328092
bayesglm,0.793565683646113,0.738160178527151,0.801814516129032,0.751767676767677,0.738160178527151,0.744901789065432,0.769987347328092
bayesglm,0.776203966005666,0.738160178527151,0.801814516129032,0.751767676767677,0.738160178527151,0.744901789065432,0.769987347328092
bayesglm,0.776504297994269,0.738160178527151,0.801814516129032,0.751767676767677,0.738160178527151,0.744901789065432,0.769987347328092
bayesglm,0.785515320334262,0.738160178527151,0.801814516129032,0.751767676767677,0.738160178527151,0.744901789065432,0.769987347328092
bayesglm,0.762942779291553,0.738160178527151,0.801814516129032,0.751767676767677,0.738160178527151,0.744901789065432,0.769987347328092
bayesglm,0.743440233236152,0.738160178527151,0.801814516129032,0.751767676767677,0.738160178527151,0.744901789065432,0.769987347328092
bayesglm,0.776280323450135,0.738160178527151,0.801814516129032,0.751767676767677,0.738160178527151,0.744901789065432,0.769987347328092
bayesglm,0.773371104815864,0.738160178527151,0.801814516129032,0.751767676767677,0.738160178527151,0.744901789065432,0.769987347328092
bayesglm,0.773224043715847,0.738160178527151,0.801814516129032,0.751767676767677,0.738160178527151,0.744901789065432,0.769987347328092
bayesglm,0.768361581920904,0.738160178527151,0.801814516129032,0.751767676767677,0.738160178527151,0.744901789065432,0.769987347328092
bayesglm,0.737837837837838,0.738160178527151,0.801814516129032,0.751767676767677,0.738160178527151,0.744901789065432,0.769987347328092
bayesglm,0.765042979942693,0.738160178527151,0.801814516129032,0.751767676767677,0.738160178527151,0.744901789065432,0.769987347328092
bayesglm,0.786885245901639,0.738160178527151,0.801814516129032,0.751767676767677,0.738160178527151,0.744901789065432,0.769987347328092
bayesglm,0.783561643835616,0.738160178527151,0.801814516129032,0.751767676767677,0.738160178527151,0.744901789065432,0.769987347328092
bayesglm,0.778735632183908,0.738160178527151,0.801814516129032,0.751767676767677,0.738160178527151,0.744901789065432,0.769987347328092
bayesglm,0.747875354107649,0.738160178527151,0.801814516129032,0.751767676767677,0.738160178527151,0.744901789065432,0.769987347328092
bayesglm,0.758426966292135,0.738160178527151,0.801814516129032,0.751767676767677,0.738160178527151,0.744901789065432,0.769987347328092
bayesglm,0.771587743732591,0.738160178527151,0.801814516129032,0.751767676767677,0.738160178527151,0.744901789065432,0.769987347328092
bayesglm,0.793201133144476,0.738160178527151,0.801814516129032,0.751767676767677,0.738160178527151,0.744901789065432,0.769987347328092
bayesglm,0.768392370572207,0.738160178527151,0.801814516129032,0.751767676767677,0.738160178527151,0.744901789065432,0.769987347328092
bayesglm,0.746518105849582,0.738160178527151,0.801814516129032,0.751767676767677,0.738160178527151,0.744901789065432,0.769987347328092
bayesglm,0.778082191780822,0.738160178527151,0.801814516129032,0.751767676767677,0.738160178527151,0.744901789065432,0.769987347328092
bayesglm,0.789915966386555,0.738160178527151,0.801814516129032,0.751767676767677,0.738160178527151,0.744901789065432,0.769987347328092
bayesglm,0.811671087533157,0.738160178527151,0.801814516129032,0.751767676767677,0.738160178527151,0.744901789065432,0.769987347328092
glm,0.778393351800554,0.737416315397967,0.795967741935484,0.746111389864526,0.737416315397967,0.741738371368001,0.766692028666725
glm,0.796246648793566,0.737416315397967,0.795967741935484,0.746111389864526,0.737416315397967,0.741738371368001,0.766692028666725
glm,0.773371104815864,0.737416315397967,0.795967741935484,0.746111389864526,0.737416315397967,0.741738371368001,0.766692028666725
glm,0.773638968481375,0.737416315397967,0.795967741935484,0.746111389864526,0.737416315397967,0.741738371368001,0.766692028666725
glm,0.782729805013928,0.737416315397967,0.795967741935484,0.746111389864526,0.737416315397967,0.741738371368001,0.766692028666725
glm,0.771117166212534,0.737416315397967,0.795967741935484,0.746111389864526,0.737416315397967,0.741738371368001,0.766692028666725
glm,0.743440233236152,0.737416315397967,0.795967741935484,0.746111389864526,0.737416315397967,0.741738371368001,0.766692028666725
glm,0.776280323450135,0.737416315397967,0.795967741935484,0.746111389864526,0.737416315397967,0.741738371368001,0.766692028666725
glm,0.770538243626062,0.737416315397967,0.795967741935484,0.746111389864526,0.737416315397967,0.741738371368001,0.766692028666725
glm,0.781420765027322,0.737416315397967,0.795967741935484,0.746111389864526,0.737416315397967,0.741738371368001,0.766692028666725
glm,0.768361581920904,0.737416315397967,0.795967741935484,0.746111389864526,0.737416315397967,0.741738371368001,0.766692028666725
glm,0.735135135135135,0.737416315397967,0.795967741935484,0.746111389864526,0.737416315397967,0.741738371368001,0.766692028666725
glm,0.765042979942693,0.737416315397967,0.795967741935484,0.746111389864526,0.737416315397967,0.741738371368001,0.766692028666725
glm,0.778688524590164,0.737416315397967,0.795967741935484,0.746111389864526,0.737416315397967,0.741738371368001,0.766692028666725
glm,0.780821917808219,0.737416315397967,0.795967741935484,0.746111389864526,0.737416315397967,0.741738371368001,0.766692028666725
glm,0.78448275862069,0.737416315397967,0.795967741935484,0.746111389864526,0.737416315397967,0.741738371368001,0.766692028666725
glm,0.745042492917847,0.737416315397967,0.795967741935484,0.746111389864526,0.737416315397967,0.741738371368001,0.766692028666725
glm,0.74438202247191,0.737416315397967,0.795967741935484,0.746111389864526,0.737416315397967,0.741738371368001,0.766692028666725
glm,0.752089136490251,0.737416315397967,0.795967741935484,0.746111389864526,0.737416315397967,0.741738371368001,0.766692028666725
glm,0.776203966005666,0.737416315397967,0.795967741935484,0.746111389864526,0.737416315397967,0.741738371368001,0.766692028666725
glm,0.757493188010899,0.737416315397967,0.795967741935484,0.746111389864526,0.737416315397967,0.741738371368001,0.766692028666725
glm,0.738161559888579,0.737416315397967,0.795967741935484,0.746111389864526,0.737416315397967,0.741738371368001,0.766692028666725
glm,0.778082191780822,0.737416315397967,0.795967741935484,0.746111389864526,0.737416315397967,0.741738371368001,0.766692028666725
glm,0.789915966386555,0.737416315397967,0.795967741935484,0.746111389864526,0.737416315397967,0.741738371368001,0.766692028666725
glm,0.79840848806366,0.737416315397967,0.795967741935484,0.746111389864526,0.737416315397967,0.741738371368001,0.766692028666725
blackboost,0.649025069637883,0.649392511777833,0.731854838709677,0.663205874905039,0.649392511777833,0.656226509646705,0.690623675243755
blackboost,0.719346049046321,0.649392511777833,0.731854838709677,0.663205874905039,0.649392511777833,0.656226509646705,0.690623675243755
blackboost,0.671348314606742,0.649392511777833,0.731854838709677,0.663205874905039,0.649392511777833,0.656226509646705,0.690623675243755
blackboost,0.69971671388102,0.649392511777833,0.731854838709677,0.663205874905039,0.649392511777833,0.656226509646705,0.690623675243755
blackboost,0.702185792349727,0.649392511777833,0.731854838709677,0.663205874905039,0.649392511777833,0.656226509646705,0.690623675243755
blackboost,0.706849315068493,0.649392511777833,0.731854838709677,0.663205874905039,0.649392511777833,0.656226509646705,0.690623675243755
blackboost,0.654054054054054,0.649392511777833,0.731854838709677,0.663205874905039,0.649392511777833,0.656226509646705,0.690623675243755
blackboost,0.667621776504298,0.649392511777833,0.731854838709677,0.663205874905039,0.649392511777833,0.656226509646705,0.690623675243755
blackboost,0.680327868852459,0.649392511777833,0.731854838709677,0.663205874905039,0.649392511777833,0.656226509646705,0.690623675243755
blackboost,0.690807799442897,0.649392511777833,0.731854838709677,0.663205874905039,0.649392511777833,0.656226509646705,0.690623675243755
blackboost,0.716981132075472,0.649392511777833,0.731854838709677,0.663205874905039,0.649392511777833,0.656226509646705,0.690623675243755
blackboost,0.685552407932011,0.649392511777833,0.731854838709677,0.663205874905039,0.649392511777833,0.656226509646705,0.690623675243755
blackboost,0.730245231607629,0.649392511777833,0.731854838709677,0.663205874905039,0.649392511777833,0.656226509646705,0.690623675243755
blackboost,0.676712328767123,0.649392511777833,0.731854838709677,0.663205874905039,0.649392511777833,0.656226509646705,0.690623675243755
blackboost,0.677871148459384,0.649392511777833,0.731854838709677,0.663205874905039,0.649392511777833,0.656226509646705,0.690623675243755
blackboost,0.704735376044568,0.649392511777833,0.731854838709677,0.663205874905039,0.649392511777833,0.656226509646705,0.690623675243755
blackboost,0.726541554959786,0.649392511777833,0.731854838709677,0.663205874905039,0.649392511777833,0.656226509646705,0.690623675243755
blackboost,0.692090395480226,0.649392511777833,0.731854838709677,0.663205874905039,0.649392511777833,0.656226509646705,0.690623675243755
blackboost,0.705382436260623,0.649392511777833,0.731854838709677,0.663205874905039,0.649392511777833,0.656226509646705,0.690623675243755
blackboost,0.70487106017192,0.649392511777833,0.731854838709677,0.663205874905039,0.649392511777833,0.656226509646705,0.690623675243755
blackboost,0.722991689750693,0.649392511777833,0.731854838709677,0.663205874905039,0.649392511777833,0.656226509646705,0.690623675243755
blackboost,0.723032069970845,0.649392511777833,0.731854838709677,0.663205874905039,0.649392511777833,0.656226509646705,0.690623675243755
blackboost,0.706896551724138,0.649392511777833,0.731854838709677,0.663205874905039,0.649392511777833,0.656226509646705,0.690623675243755
blackboost,0.681697612732096,0.649392511777833,0.731854838709677,0.663205874905039,0.649392511777833,0.656226509646705,0.690623675243755
blackboost,0.674220963172805,0.649392511777833,0.731854838709677,0.663205874905039,0.649392511777833,0.656226509646705,0.690623675243755
cforest,0.736389684813754,0.680386808827176,0.761491935483871,0.698752228163993,0.680386808827176,0.689447236180905,0.720939372155523
cforest,0.725212464589235,0.680386808827176,0.761491935483871,0.698752228163993,0.680386808827176,0.689447236180905,0.720939372155523
cforest,0.743732590529248,0.680386808827176,0.761491935483871,0.698752228163993,0.680386808827176,0.689447236180905,0.720939372155523
cforest,0.761772853185596,0.680386808827176,0.761491935483871,0.698752228163993,0.680386808827176,0.689447236180905,0.720939372155523
cforest,0.726775956284153,0.680386808827176,0.761491935483871,0.698752228163993,0.680386808827176,0.689447236180905,0.720939372155523
cforest,0.762942779291553,0.680386808827176,0.761491935483871,0.698752228163993,0.680386808827176,0.689447236180905,0.720939372155523
cforest,0.753351206434316,0.680386808827176,0.761491935483871,0.698752228163993,0.680386808827176,0.689447236180905,0.720939372155523
cforest,0.745762711864407,0.680386808827176,0.761491935483871,0.698752228163993,0.680386808827176,0.689447236180905,0.720939372155523
cforest,0.714285714285714,0.680386808827176,0.761491935483871,0.698752228163993,0.680386808827176,0.689447236180905,0.720939372155523
cforest,0.719546742209632,0.680386808827176,0.761491935483871,0.698752228163993,0.680386808827176,0.689447236180905,0.720939372155523
cforest,0.678378378378378,0.680386808827176,0.761491935483871,0.698752228163993,0.680386808827176,0.689447236180905,0.720939372155523
cforest,0.730458221024259,0.680386808827176,0.761491935483871,0.698752228163993,0.680386808827176,0.689447236180905,0.720939372155523
cforest,0.69971671388102,0.680386808827176,0.761491935483871,0.698752228163993,0.680386808827176,0.689447236180905,0.720939372155523
cforest,0.684813753581662,0.680386808827176,0.761491935483871,0.698752228163993,0.680386808827176,0.689447236180905,0.720939372155523
cforest,0.710306406685237,0.680386808827176,0.761491935483871,0.698752228163993,0.680386808827176,0.689447236180905,0.720939372155523
cforest,0.679775280898876,0.680386808827176,0.761491935483871,0.698752228163993,0.680386808827176,0.689447236180905,0.720939372155523
cforest,0.751366120218579,0.680386808827176,0.761491935483871,0.698752228163993,0.680386808827176,0.689447236180905,0.720939372155523
cforest,0.753424657534247,0.680386808827176,0.761491935483871,0.698752228163993,0.680386808827176,0.689447236180905,0.720939372155523
cforest,0.760445682451253,0.680386808827176,0.761491935483871,0.698752228163993,0.680386808827176,0.689447236180905,0.720939372155523
cforest,0.70958904109589,0.680386808827176,0.761491935483871,0.698752228163993,0.680386808827176,0.689447236180905,0.720939372155523
cforest,0.711484593837535,0.680386808827176,0.761491935483871,0.698752228163993,0.680386808827176,0.689447236180905,0.720939372155523
cforest,0.742209631728045,0.680386808827176,0.761491935483871,0.698752228163993,0.680386808827176,0.689447236180905,0.720939372155523
cforest,0.71551724137931,0.680386808827176,0.761491935483871,0.698752228163993,0.680386808827176,0.689447236180905,0.720939372155523
cforest,0.679045092838196,0.680386808827176,0.761491935483871,0.698752228163993,0.680386808827176,0.689447236180905,0.720939372155523
cforest,0.730245231607629,0.680386808827176,0.761491935483871,0.698752228163993,0.680386808827176,0.689447236180905,0.720939372155523
ctree,0.665722379603399,0.697247706422018,0.633064516129032,0.607081174438687,0.697247706422018,0.649047893825736,0.665156111275525
ctree,0.662952646239554,0.697247706422018,0.633064516129032,0.607081174438687,0.697247706422018,0.649047893825736,0.665156111275525
ctree,0.662049861495845,0.697247706422018,0.633064516129032,0.607081174438687,0.697247706422018,0.649047893825736,0.665156111275525
ctree,0.691256830601093,0.697247706422018,0.633064516129032,0.607081174438687,0.697247706422018,0.649047893825736,0.665156111275525
ctree,0.697547683923706,0.697247706422018,0.633064516129032,0.607081174438687,0.697247706422018,0.649047893825736,0.665156111275525
ctree,0.603217158176944,0.697247706422018,0.633064516129032,0.607081174438687,0.697247706422018,0.649047893825736,0.665156111275525
ctree,0.692090395480226,0.697247706422018,0.633064516129032,0.607081174438687,0.697247706422018,0.649047893825736,0.665156111275525
ctree,0.693877551020408,0.697247706422018,0.633064516129032,0.607081174438687,0.697247706422018,0.649047893825736,0.665156111275525
ctree,0.657223796033994,0.697247706422018,0.633064516129032,0.607081174438687,0.697247706422018,0.649047893825736,0.665156111275525
ctree,0.651351351351351,0.697247706422018,0.633064516129032,0.607081174438687,0.697247706422018,0.649047893825736,0.665156111275525
ctree,0.681940700808625,0.697247706422018,0.633064516129032,0.607081174438687,0.697247706422018,0.649047893825736,0.665156111275525
ctree,0.664756446991404,0.697247706422018,0.633064516129032,0.607081174438687,0.697247706422018,0.649047893825736,0.665156111275525
ctree,0.621776504297994,0.697247706422018,0.633064516129032,0.607081174438687,0.697247706422018,0.649047893825736,0.665156111275525
ctree,0.651810584958217,0.697247706422018,0.633064516129032,0.607081174438687,0.697247706422018,0.649047893825736,0.665156111275525
ctree,0.671348314606742,0.697247706422018,0.633064516129032,0.607081174438687,0.697247706422018,0.649047893825736,0.665156111275525
ctree,0.663934426229508,0.697247706422018,0.633064516129032,0.607081174438687,0.697247706422018,0.649047893825736,0.665156111275525
ctree,0.638356164383562,0.697247706422018,0.633064516129032,0.607081174438687,0.697247706422018,0.649047893825736,0.665156111275525
ctree,0.696378830083565,0.697247706422018,0.633064516129032,0.607081174438687,0.697247706422018,0.649047893825736,0.665156111275525
ctree,0.654794520547945,0.697247706422018,0.633064516129032,0.607081174438687,0.697247706422018,0.649047893825736,0.665156111275525
ctree,0.663865546218487,0.697247706422018,0.633064516129032,0.607081174438687,0.697247706422018,0.649047893825736,0.665156111275525
ctree,0.688385269121813,0.697247706422018,0.633064516129032,0.607081174438687,0.697247706422018,0.649047893825736,0.665156111275525
ctree,0.655172413793103,0.697247706422018,0.633064516129032,0.607081174438687,0.697247706422018,0.649047893825736,0.665156111275525
ctree,0.625994694960212,0.697247706422018,0.633064516129032,0.607081174438687,0.697247706422018,0.649047893825736,0.665156111275525
ctree,0.637602179836512,0.697247706422018,0.633064516129032,0.607081174438687,0.697247706422018,0.649047893825736,0.665156111275525
ctree,0.657223796033994,0.697247706422018,0.633064516129032,0.607081174438687,0.697247706422018,0.649047893825736,0.665156111275525
ctree2,0.657223796033994,0.693528390776097,0.63125,0.604626026805015,0.693528390776097,0.646033029218155,0.662389195388049
ctree2,0.626740947075209,0.693528390776097,0.63125,0.604626026805015,0.693528390776097,0.646033029218155,0.662389195388049
ctree2,0.668493150684932,0.693528390776097,0.63125,0.604626026805015,0.693528390776097,0.646033029218155,0.662389195388049
ctree2,0.60458452722063,0.693528390776097,0.63125,0.604626026805015,0.693528390776097,0.646033029218155,0.662389195388049
ctree2,0.654494382022472,0.693528390776097,0.63125,0.604626026805015,0.693528390776097,0.646033029218155,0.662389195388049
ctree2,0.682451253481894,0.693528390776097,0.63125,0.604626026805015,0.693528390776097,0.646033029218155,0.662389195388049
ctree2,0.651558073654391,0.693528390776097,0.63125,0.604626026805015,0.693528390776097,0.646033029218155,0.662389195388049
ctree2,0.663934426229508,0.693528390776097,0.63125,0.604626026805015,0.693528390776097,0.646033029218155,0.662389195388049
ctree2,0.654794520547945,0.693528390776097,0.63125,0.604626026805015,0.693528390776097,0.646033029218155,0.662389195388049
ctree2,0.663865546218487,0.693528390776097,0.63125,0.604626026805015,0.693528390776097,0.646033029218155,0.662389195388049
ctree2,0.668463611859838,0.693528390776097,0.63125,0.604626026805015,0.693528390776097,0.646033029218155,0.662389195388049
ctree2,0.693989071038251,0.693528390776097,0.63125,0.604626026805015,0.693528390776097,0.646033029218155,0.662389195388049
ctree2,0.686440677966102,0.693528390776097,0.63125,0.604626026805015,0.693528390776097,0.646033029218155,0.662389195388049
ctree2,0.688385269121813,0.693528390776097,0.63125,0.604626026805015,0.693528390776097,0.646033029218155,0.662389195388049
ctree2,0.673352435530086,0.693528390776097,0.63125,0.604626026805015,0.693528390776097,0.646033029218155,0.662389195388049
ctree2,0.697547683923706,0.693528390776097,0.63125,0.604626026805015,0.693528390776097,0.646033029218155,0.662389195388049
ctree2,0.696793002915452,0.693528390776097,0.63125,0.604626026805015,0.693528390776097,0.646033029218155,0.662389195388049
ctree2,0.646551724137931,0.693528390776097,0.63125,0.604626026805015,0.693528390776097,0.646033029218155,0.662389195388049
ctree2,0.647214854111406,0.693528390776097,0.63125,0.604626026805015,0.693528390776097,0.646033029218155,0.662389195388049
ctree2,0.662952646239554,0.693528390776097,0.63125,0.604626026805015,0.693528390776097,0.646033029218155,0.662389195388049
ctree2,0.660056657223796,0.693528390776097,0.63125,0.604626026805015,0.693528390776097,0.646033029218155,0.662389195388049
ctree2,0.613513513513513,0.693528390776097,0.63125,0.604626026805015,0.693528390776097,0.646033029218155,0.662389195388049
ctree2,0.640326975476839,0.693528390776097,0.63125,0.604626026805015,0.693528390776097,0.646033029218155,0.662389195388049
ctree2,0.67590027700831,0.693528390776097,0.63125,0.604626026805015,0.693528390776097,0.646033029218155,0.662389195388049
ctree2,0.603217158176944,0.693528390776097,0.63125,0.604626026805015,0.693528390776097,0.646033029218155,0.662389195388049
BstLm,0.660056657223796,0.713860649640466,0.661693548387097,0.631775290761466,0.713860649640466,0.670314318975553,0.687777099013781
BstLm,0.67966573816156,0.713860649640466,0.661693548387097,0.631775290761466,0.713860649640466,0.670314318975553,0.687777099013781
BstLm,0.703601108033241,0.713860649640466,0.661693548387097,0.631775290761466,0.713860649640466,0.670314318975553,0.687777099013781
BstLm,0.647540983606557,0.713860649640466,0.661693548387097,0.631775290761466,0.713860649640466,0.670314318975553,0.687777099013781
BstLm,0.716621253405995,0.713860649640466,0.661693548387097,0.631775290761466,0.713860649640466,0.670314318975553,0.687777099013781
BstLm,0.702412868632708,0.713860649640466,0.661693548387097,0.631775290761466,0.713860649640466,0.670314318975553,0.687777099013781
BstLm,0.677966101694915,0.713860649640466,0.661693548387097,0.631775290761466,0.713860649640466,0.670314318975553,0.687777099013781
BstLm,0.720116618075802,0.713860649640466,0.661693548387097,0.631775290761466,0.713860649640466,0.670314318975553,0.687777099013781
BstLm,0.702549575070821,0.713860649640466,0.661693548387097,0.631775290761466,0.713860649640466,0.670314318975553,0.687777099013781
BstLm,0.645945945945946,0.713860649640466,0.661693548387097,0.631775290761466,0.713860649640466,0.670314318975553,0.687777099013781
BstLm,0.695417789757412,0.713860649640466,0.661693548387097,0.631775290761466,0.713860649640466,0.670314318975553,0.687777099013781
BstLm,0.673352435530086,0.713860649640466,0.661693548387097,0.631775290761466,0.713860649640466,0.670314318975553,0.687777099013781
BstLm,0.681948424068768,0.713860649640466,0.661693548387097,0.631775290761466,0.713860649640466,0.670314318975553,0.687777099013781
BstLm,0.688022284122563,0.713860649640466,0.661693548387097,0.631775290761466,0.713860649640466,0.670314318975553,0.687777099013781
BstLm,0.668539325842697,0.713860649640466,0.661693548387097,0.631775290761466,0.713860649640466,0.670314318975553,0.687777099013781
BstLm,0.737704918032787,0.713860649640466,0.661693548387097,0.631775290761466,0.713860649640466,0.670314318975553,0.687777099013781
BstLm,0.671232876712329,0.713860649640466,0.661693548387097,0.631775290761466,0.713860649640466,0.670314318975553,0.687777099013781
BstLm,0.67966573816156,0.713860649640466,0.661693548387097,0.631775290761466,0.713860649640466,0.670314318975553,0.687777099013781
BstLm,0.682191780821918,0.713860649640466,0.661693548387097,0.631775290761466,0.713860649640466,0.670314318975553,0.687777099013781
BstLm,0.669467787114846,0.713860649640466,0.661693548387097,0.631775290761466,0.713860649640466,0.670314318975553,0.687777099013781
BstLm,0.705382436260623,0.713860649640466,0.661693548387097,0.631775290761466,0.713860649640466,0.670314318975553,0.687777099013781
BstLm,0.695402298850575,0.713860649640466,0.661693548387097,0.631775290761466,0.713860649640466,0.670314318975553,0.687777099013781
BstLm,0.697612732095491,0.713860649640466,0.661693548387097,0.631775290761466,0.713860649640466,0.670314318975553,0.687777099013781
BstLm,0.67574931880109,0.713860649640466,0.661693548387097,0.631775290761466,0.713860649640466,0.670314318975553,0.687777099013781
BstLm,0.648725212464589,0.713860649640466,0.661693548387097,0.631775290761466,0.713860649640466,0.670314318975553,0.687777099013781
bstSm,0.668555240793201,0.512521696007935,0.786088709677419,0.660805626598465,0.512521696007935,0.577293674067868,0.649305202842677
bstSm,0.690807799442897,0.512521696007935,0.786088709677419,0.660805626598465,0.512521696007935,0.577293674067868,0.649305202842677
bstSm,0.64819944598338,0.512521696007935,0.786088709677419,0.660805626598465,0.512521696007935,0.577293674067868,0.649305202842677
bstSm,0.617486338797814,0.512521696007935,0.786088709677419,0.660805626598465,0.512521696007935,0.577293674067868,0.649305202842677
bstSm,0.681198910081744,0.512521696007935,0.786088709677419,0.660805626598465,0.512521696007935,0.577293674067868,0.649305202842677
bstSm,0.691689008042895,0.512521696007935,0.786088709677419,0.660805626598465,0.512521696007935,0.577293674067868,0.649305202842677
bstSm,0.686440677966102,0.512521696007935,0.786088709677419,0.660805626598465,0.512521696007935,0.577293674067868,0.649305202842677
bstSm,0.702623906705539,0.512521696007935,0.786088709677419,0.660805626598465,0.512521696007935,0.577293674067868,0.649305202842677
bstSm,0.662889518413598,0.512521696007935,0.786088709677419,0.660805626598465,0.512521696007935,0.577293674067868,0.649305202842677
bstSm,0.621621621621622,0.512521696007935,0.786088709677419,0.660805626598465,0.512521696007935,0.577293674067868,0.649305202842677
bstSm,0.676549865229111,0.512521696007935,0.786088709677419,0.660805626598465,0.512521696007935,0.577293674067868,0.649305202842677
bstSm,0.670487106017192,0.512521696007935,0.786088709677419,0.660805626598465,0.512521696007935,0.577293674067868,0.649305202842677
bstSm,0.644699140401146,0.512521696007935,0.786088709677419,0.660805626598465,0.512521696007935,0.577293674067868,0.649305202842677
bstSm,0.632311977715877,0.512521696007935,0.786088709677419,0.660805626598465,0.512521696007935,0.577293674067868,0.649305202842677
bstSm,0.657303370786517,0.512521696007935,0.786088709677419,0.660805626598465,0.512521696007935,0.577293674067868,0.649305202842677
bstSm,0.677595628415301,0.512521696007935,0.786088709677419,0.660805626598465,0.512521696007935,0.577293674067868,0.649305202842677
bstSm,0.643835616438356,0.512521696007935,0.786088709677419,0.660805626598465,0.512521696007935,0.577293674067868,0.649305202842677
bstSm,0.671309192200557,0.512521696007935,0.786088709677419,0.660805626598465,0.512521696007935,0.577293674067868,0.649305202842677
bstSm,0.663013698630137,0.512521696007935,0.786088709677419,0.660805626598465,0.512521696007935,0.577293674067868,0.649305202842677
bstSm,0.686274509803922,0.512521696007935,0.786088709677419,0.660805626598465,0.512521696007935,0.577293674067868,0.649305202842677
bstSm,0.68271954674221,0.512521696007935,0.786088709677419,0.660805626598465,0.512521696007935,0.577293674067868,0.649305202842677
bstSm,0.658045977011494,0.512521696007935,0.786088709677419,0.660805626598465,0.512521696007935,0.577293674067868,0.649305202842677
bstSm,0.679045092838196,0.512521696007935,0.786088709677419,0.660805626598465,0.512521696007935,0.577293674067868,0.649305202842677
bstSm,0.637602179836512,0.512521696007935,0.786088709677419,0.660805626598465,0.512521696007935,0.577293674067868,0.649305202842677
bstSm,0.634560906515581,0.512521696007935,0.786088709677419,0.660805626598465,0.512521696007935,0.577293674067868,0.649305202842677
bstTree,0.671388101983003,0.663030002479544,0.697379032258065,0.640479041916168,0.663030002479544,0.651559454191033,0.680204517368804
bstTree,0.626740947075209,0.663030002479544,0.697379032258065,0.640479041916168,0.663030002479544,0.651559454191033,0.680204517368804
bstTree,0.704109589041096,0.663030002479544,0.697379032258065,0.640479041916168,0.663030002479544,0.651559454191033,0.680204517368804
bstTree,0.67621776504298,0.663030002479544,0.697379032258065,0.640479041916168,0.663030002479544,0.651559454191033,0.680204517368804
bstTree,0.634831460674157,0.663030002479544,0.697379032258065,0.640479041916168,0.663030002479544,0.651559454191033,0.680204517368804
bstTree,0.701949860724234,0.663030002479544,0.697379032258065,0.640479041916168,0.663030002479544,0.651559454191033,0.680204517368804
bstTree,0.681940700808625,0.663030002479544,0.697379032258065,0.640479041916168,0.663030002479544,0.651559454191033,0.680204517368804
bstTree,0.665722379603399,0.663030002479544,0.697379032258065,0.640479041916168,0.663030002479544,0.651559454191033,0.680204517368804
bstTree,0.715846994535519,0.663030002479544,0.697379032258065,0.640479041916168,0.663030002479544,0.651559454191033,0.680204517368804
bstTree,0.638356164383562,0.663030002479544,0.697379032258065,0.640479041916168,0.663030002479544,0.651559454191033,0.680204517368804
bstTree,0.677871148459384,0.663030002479544,0.697379032258065,0.640479041916168,0.663030002479544,0.651559454191033,0.680204517368804
bstTree,0.665738161559889,0.663030002479544,0.697379032258065,0.640479041916168,0.663030002479544,0.651559454191033,0.680204517368804
bstTree,0.683060109289617,0.663030002479544,0.697379032258065,0.640479041916168,0.663030002479544,0.651559454191033,0.680204517368804
bstTree,0.692090395480226,0.663030002479544,0.697379032258065,0.640479041916168,0.663030002479544,0.651559454191033,0.680204517368804
bstTree,0.705382436260623,0.663030002479544,0.697379032258065,0.640479041916168,0.663030002479544,0.651559454191033,0.680204517368804
bstTree,0.69054441260745,0.663030002479544,0.697379032258065,0.640479041916168,0.663030002479544,0.651559454191033,0.680204517368804
bstTree,0.743869209809264,0.663030002479544,0.697379032258065,0.640479041916168,0.663030002479544,0.651559454191033,0.680204517368804
bstTree,0.661807580174927,0.663030002479544,0.697379032258065,0.640479041916168,0.663030002479544,0.651559454191033,0.680204517368804
bstTree,0.724137931034483,0.663030002479544,0.697379032258065,0.640479041916168,0.663030002479544,0.651559454191033,0.680204517368804
bstTree,0.639257294429708,0.663030002479544,0.697379032258065,0.640479041916168,0.663030002479544,0.651559454191033,0.680204517368804
bstTree,0.699731903485255,0.663030002479544,0.697379032258065,0.640479041916168,0.663030002479544,0.651559454191033,0.680204517368804
bstTree,0.68271954674221,0.663030002479544,0.697379032258065,0.640479041916168,0.663030002479544,0.651559454191033,0.680204517368804
bstTree,0.656756756756757,0.663030002479544,0.697379032258065,0.640479041916168,0.663030002479544,0.651559454191033,0.680204517368804
bstTree,0.692098092643052,0.663030002479544,0.697379032258065,0.640479041916168,0.663030002479544,0.651559454191033,0.680204517368804
bstTree,0.717451523545706,0.663030002479544,0.697379032258065,0.640479041916168,0.663030002479544,0.651559454191033,0.680204517368804
C5.0,0.688385269121813,0.678651128192413,0.737298387096774,0.677475247524753,0.678651128192413,0.678062678062678,0.707974757644593
C5.0,0.737704918032787,0.678651128192413,0.737298387096774,0.677475247524753,0.678651128192413,0.678062678062678,0.707974757644593
C5.0,0.684813753581662,0.678651128192413,0.737298387096774,0.677475247524753,0.678651128192413,0.678062678062678,0.707974757644593
C5.0,0.722063037249284,0.678651128192413,0.737298387096774,0.677475247524753,0.678651128192413,0.678062678062678,0.707974757644593
C5.0,0.711864406779661,0.678651128192413,0.737298387096774,0.677475247524753,0.678651128192413,0.678062678062678,0.707974757644593
C5.0,0.691256830601093,0.678651128192413,0.737298387096774,0.677475247524753,0.678651128192413,0.678062678062678,0.707974757644593
C5.0,0.718498659517426,0.678651128192413,0.737298387096774,0.677475247524753,0.678651128192413,0.678062678062678,0.707974757644593
C5.0,0.728531855955679,0.678651128192413,0.737298387096774,0.677475247524753,0.678651128192413,0.678062678062678,0.707974757644593
C5.0,0.700808625336927,0.678651128192413,0.737298387096774,0.677475247524753,0.678651128192413,0.678062678062678,0.707974757644593
C5.0,0.720116618075802,0.678651128192413,0.737298387096774,0.677475247524753,0.678651128192413,0.678062678062678,0.707974757644593
C5.0,0.76566757493188,0.678651128192413,0.737298387096774,0.677475247524753,0.678651128192413,0.678062678062678,0.707974757644593
C5.0,0.740947075208914,0.678651128192413,0.737298387096774,0.677475247524753,0.678651128192413,0.678062678062678,0.707974757644593
C5.0,0.712328767123288,0.678651128192413,0.737298387096774,0.677475247524753,0.678651128192413,0.678062678062678,0.707974757644593
C5.0,0.697612732095491,0.678651128192413,0.737298387096774,0.677475247524753,0.678651128192413,0.678062678062678,0.707974757644593
C5.0,0.69187675070028,0.678651128192413,0.737298387096774,0.677475247524753,0.678651128192413,0.678062678062678,0.707974757644593
C5.0,0.679452054794521,0.678651128192413,0.737298387096774,0.677475247524753,0.678651128192413,0.678062678062678,0.707974757644593
C5.0,0.691891891891892,0.678651128192413,0.737298387096774,0.677475247524753,0.678651128192413,0.678062678062678,0.707974757644593
C5.0,0.693593314763231,0.678651128192413,0.737298387096774,0.677475247524753,0.678651128192413,0.678062678062678,0.707974757644593
C5.0,0.727520435967302,0.678651128192413,0.737298387096774,0.677475247524753,0.678651128192413,0.678062678062678,0.707974757644593
C5.0,0.736543909348442,0.678651128192413,0.737298387096774,0.677475247524753,0.678651128192413,0.678062678062678,0.707974757644593
C5.0,0.685552407932011,0.678651128192413,0.737298387096774,0.677475247524753,0.678651128192413,0.678062678062678,0.707974757644593
C5.0,0.740947075208914,0.678651128192413,0.737298387096774,0.677475247524753,0.678651128192413,0.678062678062678,0.707974757644593
C5.0,0.691011235955056,0.678651128192413,0.737298387096774,0.677475247524753,0.678651128192413,0.678062678062678,0.707974757644593
C5.0,0.702549575070821,0.678651128192413,0.737298387096774,0.677475247524753,0.678651128192413,0.678062678062678,0.707974757644593
C5.0,0.71264367816092,0.678651128192413,0.737298387096774,0.677475247524753,0.678651128192413,0.678062678062678,0.707974757644593
C5.0Cost,0.713881019830028,0.638730473592859,0.771370967741935,0.694339622641509,0.638730473592859,0.66537517757975,0.705050720667397
C5.0Cost,0.726775956284153,0.638730473592859,0.771370967741935,0.694339622641509,0.638730473592859,0.66537517757975,0.705050720667397
C5.0Cost,0.704735376044568,0.638730473592859,0.771370967741935,0.694339622641509,0.638730473592859,0.66537517757975,0.705050720667397
C5.0Cost,0.71313672922252,0.638730473592859,0.771370967741935,0.694339622641509,0.638730473592859,0.66537517757975,0.705050720667397
C5.0Cost,0.725988700564972,0.638730473592859,0.771370967741935,0.694339622641509,0.638730473592859,0.66537517757975,0.705050720667397
C5.0Cost,0.700808625336927,0.638730473592859,0.771370967741935,0.694339622641509,0.638730473592859,0.66537517757975,0.705050720667397
C5.0Cost,0.75070821529745,0.638730473592859,0.771370967741935,0.694339622641509,0.638730473592859,0.66537517757975,0.705050720667397
C5.0Cost,0.730245231607629,0.638730473592859,0.771370967741935,0.694339622641509,0.638730473592859,0.66537517757975,0.705050720667397
C5.0Cost,0.719101123595506,0.638730473592859,0.771370967741935,0.694339622641509,0.638730473592859,0.66537517757975,0.705050720667397
C5.0Cost,0.70958904109589,0.638730473592859,0.771370967741935,0.694339622641509,0.638730473592859,0.66537517757975,0.705050720667397
C5.0Cost,0.683783783783784,0.638730473592859,0.771370967741935,0.694339622641509,0.638730473592859,0.66537517757975,0.705050720667397
C5.0Cost,0.71671388101983,0.638730473592859,0.771370967741935,0.694339622641509,0.638730473592859,0.66537517757975,0.705050720667397
C5.0Cost,0.716621253405995,0.638730473592859,0.771370967741935,0.694339622641509,0.638730473592859,0.66537517757975,0.705050720667397
C5.0Cost,0.711048158640227,0.638730473592859,0.771370967741935,0.694339622641509,0.638730473592859,0.66537517757975,0.705050720667397
C5.0Cost,0.717808219178082,0.638730473592859,0.771370967741935,0.694339622641509,0.638730473592859,0.66537517757975,0.705050720667397
C5.0Cost,0.694677871148459,0.638730473592859,0.771370967741935,0.694339622641509,0.638730473592859,0.66537517757975,0.705050720667397
C5.0Cost,0.681697612732096,0.638730473592859,0.771370967741935,0.694339622641509,0.638730473592859,0.66537517757975,0.705050720667397
C5.0Cost,0.71866295264624,0.638730473592859,0.771370967741935,0.694339622641509,0.638730473592859,0.66537517757975,0.705050720667397
C5.0Cost,0.740947075208914,0.638730473592859,0.771370967741935,0.694339622641509,0.638730473592859,0.66537517757975,0.705050720667397
C5.0Cost,0.741379310344828,0.638730473592859,0.771370967741935,0.694339622641509,0.638730473592859,0.66537517757975,0.705050720667397
C5.0Cost,0.673352435530086,0.638730473592859,0.771370967741935,0.694339622641509,0.638730473592859,0.66537517757975,0.705050720667397
C5.0Cost,0.674863387978142,0.638730473592859,0.771370967741935,0.694339622641509,0.638730473592859,0.66537517757975,0.705050720667397
C5.0Cost,0.731778425655977,0.638730473592859,0.771370967741935,0.694339622641509,0.638730473592859,0.66537517757975,0.705050720667397
C5.0Cost,0.684813753581662,0.638730473592859,0.771370967741935,0.694339622641509,0.638730473592859,0.66537517757975,0.705050720667397
C5.0Cost,0.717451523545706,0.638730473592859,0.771370967741935,0.694339622641509,0.638730473592859,0.66537517757975,0.705050720667397
C5.0Rules,0.662049861495845,0.625588891643937,0.677620967741935,0.612081513828239,0.625588891643937,0.618761496014715,0.651604929692936
C5.0Rules,0.662198391420912,0.625588891643937,0.677620967741935,0.612081513828239,0.625588891643937,0.618761496014715,0.651604929692936
C5.0Rules,0.660056657223796,0.625588891643937,0.677620967741935,0.612081513828239,0.625588891643937,0.618761496014715,0.651604929692936
C5.0Rules,0.64756446991404,0.625588891643937,0.677620967741935,0.612081513828239,0.625588891643937,0.618761496014715,0.651604929692936
C5.0Rules,0.643454038997215,0.625588891643937,0.677620967741935,0.612081513828239,0.625588891643937,0.618761496014715,0.651604929692936
C5.0Rules,0.659400544959128,0.625588891643937,0.677620967741935,0.612081513828239,0.625588891643937,0.618761496014715,0.651604929692936
C5.0Rules,0.658892128279883,0.625588891643937,0.677620967741935,0.612081513828239,0.625588891643937,0.618761496014715,0.651604929692936
C5.0Rules,0.676549865229111,0.625588891643937,0.677620967741935,0.612081513828239,0.625588891643937,0.618761496014715,0.651604929692936
C5.0Rules,0.679886685552408,0.625588891643937,0.677620967741935,0.612081513828239,0.625588891643937,0.618761496014715,0.651604929692936
C5.0Rules,0.653005464480874,0.625588891643937,0.677620967741935,0.612081513828239,0.625588891643937,0.618761496014715,0.651604929692936
C5.0Rules,0.629943502824859,0.625588891643937,0.677620967741935,0.612081513828239,0.625588891643937,0.618761496014715,0.651604929692936
C5.0Rules,0.645945945945946,0.625588891643937,0.677620967741935,0.612081513828239,0.625588891643937,0.618761496014715,0.651604929692936
C5.0Rules,0.664756446991404,0.625588891643937,0.677620967741935,0.612081513828239,0.625588891643937,0.618761496014715,0.651604929692936
C5.0Rules,0.64207650273224,0.625588891643937,0.677620967741935,0.612081513828239,0.625588891643937,0.618761496014715,0.651604929692936
C5.0Rules,0.608219178082192,0.625588891643937,0.677620967741935,0.612081513828239,0.625588891643937,0.618761496014715,0.651604929692936
C5.0Rules,0.649425287356322,0.625588891643937,0.677620967741935,0.612081513828239,0.625588891643937,0.618761496014715,0.651604929692936
C5.0Rules,0.660056657223796,0.625588891643937,0.677620967741935,0.612081513828239,0.625588891643937,0.618761496014715,0.651604929692936
C5.0Rules,0.671348314606742,0.625588891643937,0.677620967741935,0.612081513828239,0.625588891643937,0.618761496014715,0.651604929692936
C5.0Rules,0.704735376044568,0.625588891643937,0.677620967741935,0.612081513828239,0.625588891643937,0.618761496014715,0.651604929692936
C5.0Rules,0.640226628895184,0.625588891643937,0.677620967741935,0.612081513828239,0.625588891643937,0.618761496014715,0.651604929692936
C5.0Rules,0.694822888283379,0.625588891643937,0.677620967741935,0.612081513828239,0.625588891643937,0.618761496014715,0.651604929692936
C5.0Rules,0.64066852367688,0.625588891643937,0.677620967741935,0.612081513828239,0.625588891643937,0.618761496014715,0.651604929692936
C5.0Rules,0.602739726027397,0.625588891643937,0.677620967741935,0.612081513828239,0.625588891643937,0.618761496014715,0.651604929692936
C5.0Rules,0.686274509803922,0.625588891643937,0.677620967741935,0.612081513828239,0.625588891643937,0.618761496014715,0.651604929692936
C5.0Rules,0.615384615384615,0.625588891643937,0.677620967741935,0.612081513828239,0.625588891643937,0.618761496014715,0.651604929692936
C5.0Tree,0.670360110803324,0.594594594594595,0.681854838709677,0.603118712273642,0.594594594594595,0.598826320389562,0.638224716652136
C5.0Tree,0.662198391420912,0.594594594594595,0.681854838709677,0.603118712273642,0.594594594594595,0.598826320389562,0.638224716652136
C5.0Tree,0.631728045325779,0.594594594594595,0.681854838709677,0.603118712273642,0.594594594594595,0.598826320389562,0.638224716652136
C5.0Tree,0.641833810888252,0.594594594594595,0.681854838709677,0.603118712273642,0.594594594594595,0.598826320389562,0.638224716652136
C5.0Tree,0.637883008356546,0.594594594594595,0.681854838709677,0.603118712273642,0.594594594594595,0.598826320389562,0.638224716652136
C5.0Tree,0.640326975476839,0.594594594594595,0.681854838709677,0.603118712273642,0.594594594594595,0.598826320389562,0.638224716652136
C5.0Tree,0.673469387755102,0.594594594594595,0.681854838709677,0.603118712273642,0.594594594594595,0.598826320389562,0.638224716652136
C5.0Tree,0.663072776280323,0.594594594594595,0.681854838709677,0.603118712273642,0.594594594594595,0.598826320389562,0.638224716652136
C5.0Tree,0.648725212464589,0.594594594594595,0.681854838709677,0.603118712273642,0.594594594594595,0.598826320389562,0.638224716652136
C5.0Tree,0.633879781420765,0.594594594594595,0.681854838709677,0.603118712273642,0.594594594594595,0.598826320389562,0.638224716652136
C5.0Tree,0.646892655367232,0.594594594594595,0.681854838709677,0.603118712273642,0.594594594594595,0.598826320389562,0.638224716652136
C5.0Tree,0.605405405405405,0.594594594594595,0.681854838709677,0.603118712273642,0.594594594594595,0.598826320389562,0.638224716652136
C5.0Tree,0.636103151862464,0.594594594594595,0.681854838709677,0.603118712273642,0.594594594594595,0.598826320389562,0.638224716652136
C5.0Tree,0.644808743169399,0.594594594594595,0.681854838709677,0.603118712273642,0.594594594594595,0.598826320389562,0.638224716652136
C5.0Tree,0.583561643835616,0.594594594594595,0.681854838709677,0.603118712273642,0.594594594594595,0.598826320389562,0.638224716652136
C5.0Tree,0.655172413793103,0.594594594594595,0.681854838709677,0.603118712273642,0.594594594594595,0.598826320389562,0.638224716652136
C5.0Tree,0.657223796033994,0.594594594594595,0.681854838709677,0.603118712273642,0.594594594594595,0.598826320389562,0.638224716652136
C5.0Tree,0.623595505617977,0.594594594594595,0.681854838709677,0.603118712273642,0.594594594594595,0.598826320389562,0.638224716652136
C5.0Tree,0.693593314763231,0.594594594594595,0.681854838709677,0.603118712273642,0.594594594594595,0.598826320389562,0.638224716652136
C5.0Tree,0.626062322946176,0.594594594594595,0.681854838709677,0.603118712273642,0.594594594594595,0.598826320389562,0.638224716652136
C5.0Tree,0.686648501362398,0.594594594594595,0.681854838709677,0.603118712273642,0.594594594594595,0.598826320389562,0.638224716652136
C5.0Tree,0.607242339832869,0.594594594594595,0.681854838709677,0.603118712273642,0.594594594594595,0.598826320389562,0.638224716652136
C5.0Tree,0.610958904109589,0.594594594594595,0.681854838709677,0.603118712273642,0.594594594594595,0.598826320389562,0.638224716652136
C5.0Tree,0.700280112044818,0.594594594594595,0.681854838709677,0.603118712273642,0.594594594594595,0.598826320389562,0.638224716652136
C5.0Tree,0.591511936339523,0.594594594594595,0.681854838709677,0.603118712273642,0.594594594594595,0.598826320389562,0.638224716652136
CSimca,0.714681440443213,0.577237788246963,0.788104838709677,0.688961231133471,0.577237788246963,0.628170534268753,0.68267131347832
CSimca,0.710455764075067,0.577237788246963,0.788104838709677,0.688961231133471,0.577237788246963,0.628170534268753,0.68267131347832
CSimca,0.708215297450425,0.577237788246963,0.788104838709677,0.688961231133471,0.577237788246963,0.628170534268753,0.68267131347832
CSimca,0.679083094555874,0.577237788246963,0.788104838709677,0.688961231133471,0.577237788246963,0.628170534268753,0.68267131347832
CSimca,0.67966573816156,0.577237788246963,0.788104838709677,0.688961231133471,0.577237788246963,0.628170534268753,0.68267131347832
CSimca,0.735694822888283,0.577237788246963,0.788104838709677,0.688961231133471,0.577237788246963,0.628170534268753,0.68267131347832
CSimca,0.73469387755102,0.577237788246963,0.788104838709677,0.688961231133471,0.577237788246963,0.628170534268753,0.68267131347832
CSimca,0.663072776280323,0.577237788246963,0.788104838709677,0.688961231133471,0.577237788246963,0.628170534268753,0.68267131347832
CSimca,0.671388101983003,0.577237788246963,0.788104838709677,0.688961231133471,0.577237788246963,0.628170534268753,0.68267131347832
CSimca,0.677595628415301,0.577237788246963,0.788104838709677,0.688961231133471,0.577237788246963,0.628170534268753,0.68267131347832
CSimca,0.689265536723164,0.577237788246963,0.788104838709677,0.688961231133471,0.577237788246963,0.628170534268753,0.68267131347832
CSimca,0.654054054054054,0.577237788246963,0.788104838709677,0.688961231133471,0.577237788246963,0.628170534268753,0.68267131347832
CSimca,0.659025787965616,0.577237788246963,0.788104838709677,0.688961231133471,0.577237788246963,0.628170534268753,0.68267131347832
CSimca,0.740437158469945,0.577237788246963,0.788104838709677,0.688961231133471,0.577237788246963,0.628170534268753,0.68267131347832
CSimca,0.695890410958904,0.577237788246963,0.788104838709677,0.688961231133471,0.577237788246963,0.628170534268753,0.68267131347832
CSimca,0.681034482758621,0.577237788246963,0.788104838709677,0.688961231133471,0.577237788246963,0.628170534268753,0.68267131347832
CSimca,0.685552407932011,0.577237788246963,0.788104838709677,0.688961231133471,0.577237788246963,0.628170534268753,0.68267131347832
CSimca,0.643258426966292,0.577237788246963,0.788104838709677,0.688961231133471,0.577237788246963,0.628170534268753,0.68267131347832
CSimca,0.713091922005571,0.577237788246963,0.788104838709677,0.688961231133471,0.577237788246963,0.628170534268753,0.68267131347832
CSimca,0.694050991501416,0.577237788246963,0.788104838709677,0.688961231133471,0.577237788246963,0.628170534268753,0.68267131347832
CSimca,0.683923705722071,0.577237788246963,0.788104838709677,0.688961231133471,0.577237788246963,0.628170534268753,0.68267131347832
CSimca,0.721448467966574,0.577237788246963,0.788104838709677,0.688961231133471,0.577237788246963,0.628170534268753,0.68267131347832
CSimca,0.712328767123288,0.577237788246963,0.788104838709677,0.688961231133471,0.577237788246963,0.628170534268753,0.68267131347832
CSimca,0.689075630252101,0.577237788246963,0.788104838709677,0.688961231133471,0.577237788246963,0.628170534268753,0.68267131347832
CSimca,0.70026525198939,0.577237788246963,0.788104838709677,0.688961231133471,0.577237788246963,0.628170534268753,0.68267131347832
Linda,0.775623268698061,0.715348375898835,0.809072580645161,0.752870563674321,0.715348375898835,0.733630006357279,0.762210478271998
Linda,0.766756032171582,0.715348375898835,0.809072580645161,0.752870563674321,0.715348375898835,0.733630006357279,0.762210478271998
Linda,0.770538243626062,0.715348375898835,0.809072580645161,0.752870563674321,0.715348375898835,0.733630006357279,0.762210478271998
Linda,0.759312320916905,0.715348375898835,0.809072580645161,0.752870563674321,0.715348375898835,0.733630006357279,0.762210478271998
Linda,0.768802228412256,0.715348375898835,0.809072580645161,0.752870563674321,0.715348375898835,0.733630006357279,0.762210478271998
Linda,0.787465940054496,0.715348375898835,0.809072580645161,0.752870563674321,0.715348375898835,0.733630006357279,0.762210478271998
Linda,0.743440233236152,0.715348375898835,0.809072580645161,0.752870563674321,0.715348375898835,0.733630006357279,0.762210478271998
Linda,0.768194070080862,0.715348375898835,0.809072580645161,0.752870563674321,0.715348375898835,0.733630006357279,0.762210478271998
Linda,0.776203966005666,0.715348375898835,0.809072580645161,0.752870563674321,0.715348375898835,0.733630006357279,0.762210478271998
Linda,0.765027322404372,0.715348375898835,0.809072580645161,0.752870563674321,0.715348375898835,0.733630006357279,0.762210478271998
Linda,0.748587570621469,0.715348375898835,0.809072580645161,0.752870563674321,0.715348375898835,0.733630006357279,0.762210478271998
Linda,0.737837837837838,0.715348375898835,0.809072580645161,0.752870563674321,0.715348375898835,0.733630006357279,0.762210478271998
Linda,0.744985673352435,0.715348375898835,0.809072580645161,0.752870563674321,0.715348375898835,0.733630006357279,0.762210478271998
Linda,0.784153005464481,0.715348375898835,0.809072580645161,0.752870563674321,0.715348375898835,0.733630006357279,0.762210478271998
Linda,0.758904109589041,0.715348375898835,0.809072580645161,0.752870563674321,0.715348375898835,0.733630006357279,0.762210478271998
Linda,0.775862068965517,0.715348375898835,0.809072580645161,0.752870563674321,0.715348375898835,0.733630006357279,0.762210478271998
Linda,0.773371104815864,0.715348375898835,0.809072580645161,0.752870563674321,0.715348375898835,0.733630006357279,0.762210478271998
Linda,0.75,0.715348375898835,0.809072580645161,0.752870563674321,0.715348375898835,0.733630006357279,0.762210478271998
Linda,0.763231197771588,0.715348375898835,0.809072580645161,0.752870563674321,0.715348375898835,0.733630006357279,0.762210478271998
Linda,0.781869688385269,0.715348375898835,0.809072580645161,0.752870563674321,0.715348375898835,0.733630006357279,0.762210478271998
Linda,0.757493188010899,0.715348375898835,0.809072580645161,0.752870563674321,0.715348375898835,0.733630006357279,0.762210478271998
Linda,0.738161559888579,0.715348375898835,0.809072580645161,0.752870563674321,0.715348375898835,0.733630006357279,0.762210478271998
Linda,0.780821917808219,0.715348375898835,0.809072580645161,0.752870563674321,0.715348375898835,0.733630006357279,0.762210478271998
Linda,0.789915966386555,0.715348375898835,0.809072580645161,0.752870563674321,0.715348375898835,0.733630006357279,0.762210478271998
Linda,0.806366047745358,0.715348375898835,0.809072580645161,0.752870563674321,0.715348375898835,0.733630006357279,0.762210478271998
QdaCov,0.67590027700831,0.564840069427225,0.798991935483871,0.695572519083969,0.564840069427225,0.623426382047072,0.681916002455548
QdaCov,0.689008042895442,0.564840069427225,0.798991935483871,0.695572519083969,0.564840069427225,0.623426382047072,0.681916002455548
QdaCov,0.691218130311615,0.564840069427225,0.798991935483871,0.695572519083969,0.564840069427225,0.623426382047072,0.681916002455548
QdaCov,0.653295128939828,0.564840069427225,0.798991935483871,0.695572519083969,0.564840069427225,0.623426382047072,0.681916002455548
QdaCov,0.713091922005571,0.564840069427225,0.798991935483871,0.695572519083969,0.564840069427225,0.623426382047072,0.681916002455548
QdaCov,0.73841961852861,0.564840069427225,0.798991935483871,0.695572519083969,0.564840069427225,0.623426382047072,0.681916002455548
QdaCov,0.679300291545189,0.564840069427225,0.798991935483871,0.695572519083969,0.564840069427225,0.623426382047072,0.681916002455548
QdaCov,0.725067385444744,0.564840069427225,0.798991935483871,0.695572519083969,0.564840069427225,0.623426382047072,0.681916002455548
QdaCov,0.679886685552408,0.564840069427225,0.798991935483871,0.695572519083969,0.564840069427225,0.623426382047072,0.681916002455548
QdaCov,0.628415300546448,0.564840069427225,0.798991935483871,0.695572519083969,0.564840069427225,0.623426382047072,0.681916002455548
QdaCov,0.711864406779661,0.564840069427225,0.798991935483871,0.695572519083969,0.564840069427225,0.623426382047072,0.681916002455548
QdaCov,0.724324324324324,0.564840069427225,0.798991935483871,0.695572519083969,0.564840069427225,0.623426382047072,0.681916002455548
QdaCov,0.670487106017192,0.564840069427225,0.798991935483871,0.695572519083969,0.564840069427225,0.623426382047072,0.681916002455548
QdaCov,0.69672131147541,0.564840069427225,0.798991935483871,0.695572519083969,0.564840069427225,0.623426382047072,0.681916002455548
QdaCov,0.679452054794521,0.564840069427225,0.798991935483871,0.695572519083969,0.564840069427225,0.623426382047072,0.681916002455548
QdaCov,0.686781609195402,0.564840069427225,0.798991935483871,0.695572519083969,0.564840069427225,0.623426382047072,0.681916002455548
QdaCov,0.677053824362606,0.564840069427225,0.798991935483871,0.695572519083969,0.564840069427225,0.623426382047072,0.681916002455548
QdaCov,0.693820224719101,0.564840069427225,0.798991935483871,0.695572519083969,0.564840069427225,0.623426382047072,0.681916002455548
QdaCov,0.693593314763231,0.564840069427225,0.798991935483871,0.695572519083969,0.564840069427225,0.623426382047072,0.681916002455548
QdaCov,0.753541076487252,0.564840069427225,0.798991935483871,0.695572519083969,0.564840069427225,0.623426382047072,0.681916002455548
QdaCov,0.681198910081744,0.564840069427225,0.798991935483871,0.695572519083969,0.564840069427225,0.623426382047072,0.681916002455548
QdaCov,0.671309192200557,0.564840069427225,0.798991935483871,0.695572519083969,0.564840069427225,0.623426382047072,0.681916002455548
QdaCov,0.698630136986301,0.564840069427225,0.798991935483871,0.695572519083969,0.564840069427225,0.623426382047072,0.681916002455548
QdaCov,0.697478991596639,0.564840069427225,0.798991935483871,0.695572519083969,0.564840069427225,0.623426382047072,0.681916002455548
QdaCov,0.73474801061008,0.564840069427225,0.798991935483871,0.695572519083969,0.564840069427225,0.623426382047072,0.681916002455548
rda,0.771117166212534,0.753533349863625,0.785685483870968,0.740858117991224,0.753533349863625,0.747141979102643,0.769609416867296
rda,0.743732590529248,0.753533349863625,0.785685483870968,0.740858117991224,0.753533349863625,0.747141979102643,0.769609416867296
rda,0.756373937677054,0.753533349863625,0.785685483870968,0.740858117991224,0.753533349863625,0.747141979102643,0.769609416867296
rda,0.76685393258427,0.753533349863625,0.785685483870968,0.740858117991224,0.753533349863625,0.747141979102643,0.769609416867296
rda,0.775342465753425,0.753533349863625,0.785685483870968,0.740858117991224,0.753533349863625,0.747141979102643,0.769609416867296
rda,0.737837837837838,0.753533349863625,0.785685483870968,0.740858117991224,0.753533349863625,0.747141979102643,0.769609416867296
rda,0.744985673352435,0.753533349863625,0.785685483870968,0.740858117991224,0.753533349863625,0.747141979102643,0.769609416867296
rda,0.792349726775956,0.753533349863625,0.785685483870968,0.740858117991224,0.753533349863625,0.747141979102643,0.769609416867296
rda,0.768802228412256,0.753533349863625,0.785685483870968,0.740858117991224,0.753533349863625,0.747141979102643,0.769609416867296
rda,0.776280323450135,0.753533349863625,0.785685483870968,0.740858117991224,0.753533349863625,0.747141979102643,0.769609416867296
rda,0.759206798866855,0.753533349863625,0.785685483870968,0.740858117991224,0.753533349863625,0.747141979102643,0.769609416867296
rda,0.76775956284153,0.753533349863625,0.785685483870968,0.740858117991224,0.753533349863625,0.747141979102643,0.769609416867296
rda,0.786301369863014,0.753533349863625,0.785685483870968,0.740858117991224,0.753533349863625,0.747141979102643,0.769609416867296
rda,0.784313725490196,0.753533349863625,0.785685483870968,0.740858117991224,0.753533349863625,0.747141979102643,0.769609416867296
rda,0.785515320334262,0.753533349863625,0.785685483870968,0.740858117991224,0.753533349863625,0.747141979102643,0.769609416867296
rda,0.762942779291553,0.753533349863625,0.785685483870968,0.740858117991224,0.753533349863625,0.747141979102643,0.769609416867296
rda,0.768361581920904,0.753533349863625,0.785685483870968,0.740858117991224,0.753533349863625,0.747141979102643,0.769609416867296
rda,0.770538243626062,0.753533349863625,0.785685483870968,0.740858117991224,0.753533349863625,0.747141979102643,0.769609416867296
rda,0.773638968481375,0.753533349863625,0.785685483870968,0.740858117991224,0.753533349863625,0.747141979102643,0.769609416867296
rda,0.790884718498659,0.753533349863625,0.785685483870968,0.740858117991224,0.753533349863625,0.747141979102643,0.769609416867296
rda,0.752186588921283,0.753533349863625,0.785685483870968,0.740858117991224,0.753533349863625,0.747141979102643,0.769609416867296
rda,0.78735632183908,0.753533349863625,0.785685483870968,0.740858117991224,0.753533349863625,0.747141979102643,0.769609416867296
rda,0.793103448275862,0.753533349863625,0.785685483870968,0.740858117991224,0.753533349863625,0.747141979102643,0.769609416867296
rda,0.781163434903047,0.753533349863625,0.785685483870968,0.740858117991224,0.753533349863625,0.747141979102643,0.769609416867296
rda,0.781869688385269,0.753533349863625,0.785685483870968,0.740858117991224,0.753533349863625,0.747141979102643,0.769609416867296
dnn,0.602739726027397,0.519712372923382,0.707459677419355,0.590921905835918,0.519712372923382,0.553034300791557,0.613586025171369
dnn,0.672268907563025,0.519712372923382,0.707459677419355,0.590921905835918,0.519712372923382,0.553034300791557,0.613586025171369
dnn,0.629427792915531,0.519712372923382,0.707459677419355,0.590921905835918,0.519712372923382,0.553034300791557,0.613586025171369
dnn,0.580821917808219,0.519712372923382,0.707459677419355,0.590921905835918,0.519712372923382,0.553034300791557,0.613586025171369
dnn,0.629526462395543,0.519712372923382,0.707459677419355,0.590921905835918,0.519712372923382,0.553034300791557,0.613586025171369
dnn,0.681697612732096,0.519712372923382,0.707459677419355,0.590921905835918,0.519712372923382,0.553034300791557,0.613586025171369
dnn,0.641242937853107,0.519712372923382,0.707459677419355,0.590921905835918,0.519712372923382,0.553034300791557,0.613586025171369
dnn,0.628895184135977,0.519712372923382,0.707459677419355,0.590921905835918,0.519712372923382,0.553034300791557,0.613586025171369
dnn,0.615168539325843,0.519712372923382,0.707459677419355,0.590921905835918,0.519712372923382,0.553034300791557,0.613586025171369
dnn,0.622950819672131,0.519712372923382,0.707459677419355,0.590921905835918,0.519712372923382,0.553034300791557,0.613586025171369
dnn,0.622950819672131,0.519712372923382,0.707459677419355,0.590921905835918,0.519712372923382,0.553034300791557,0.613586025171369
dnn,0.615598885793872,0.519712372923382,0.707459677419355,0.590921905835918,0.519712372923382,0.553034300791557,0.613586025171369
dnn,0.630026809651475,0.519712372923382,0.707459677419355,0.590921905835918,0.519712372923382,0.553034300791557,0.613586025171369
dnn,0.644314868804665,0.519712372923382,0.707459677419355,0.590921905835918,0.519712372923382,0.553034300791557,0.613586025171369
dnn,0.60632183908046,0.519712372923382,0.707459677419355,0.590921905835918,0.519712372923382,0.553034300791557,0.613586025171369
dnn,0.608108108108108,0.519712372923382,0.707459677419355,0.590921905835918,0.519712372923382,0.553034300791557,0.613586025171369
dnn,0.610354223433243,0.519712372923382,0.707459677419355,0.590921905835918,0.519712372923382,0.553034300791557,0.613586025171369
dnn,0.601671309192201,0.519712372923382,0.707459677419355,0.590921905835918,0.519712372923382,0.553034300791557,0.613586025171369
dnn,0.589235127478754,0.519712372923382,0.707459677419355,0.590921905835918,0.519712372923382,0.553034300791557,0.613586025171369
dnn,0.6189111747851,0.519712372923382,0.707459677419355,0.590921905835918,0.519712372923382,0.553034300791557,0.613586025171369
dnn,0.594900849858357,0.519712372923382,0.707459677419355,0.590921905835918,0.519712372923382,0.553034300791557,0.613586025171369
dnn,0.641509433962264,0.519712372923382,0.707459677419355,0.590921905835918,0.519712372923382,0.553034300791557,0.613586025171369
dnn,0.627507163323782,0.519712372923382,0.707459677419355,0.590921905835918,0.519712372923382,0.553034300791557,0.613586025171369
dnn,0.634349030470914,0.519712372923382,0.707459677419355,0.590921905835918,0.519712372923382,0.553034300791557,0.613586025171369
dnn,0.628895184135977,0.519712372923382,0.707459677419355,0.590921905835918,0.519712372923382,0.553034300791557,0.613586025171369
dwdLinear,0.767705382436261,0.738160178527151,0.794959677419355,0.745368052078117,0.738160178527151,0.741746605207425,0.766559927973253
dwdLinear,0.785515320334262,0.738160178527151,0.794959677419355,0.745368052078117,0.738160178527151,0.741746605207425,0.766559927973253
dwdLinear,0.78393351800554,0.738160178527151,0.794959677419355,0.745368052078117,0.738160178527151,0.741746605207425,0.766559927973253
dwdLinear,0.773224043715847,0.738160178527151,0.794959677419355,0.745368052078117,0.738160178527151,0.741746605207425,0.766559927973253
dwdLinear,0.768392370572207,0.738160178527151,0.794959677419355,0.745368052078117,0.738160178527151,0.741746605207425,0.766559927973253
dwdLinear,0.793565683646113,0.738160178527151,0.794959677419355,0.745368052078117,0.738160178527151,0.741746605207425,0.766559927973253
dwdLinear,0.768361581920904,0.738160178527151,0.794959677419355,0.745368052078117,0.738160178527151,0.741746605207425,0.766559927973253
dwdLinear,0.752186588921283,0.738160178527151,0.794959677419355,0.745368052078117,0.738160178527151,0.741746605207425,0.766559927973253
dwdLinear,0.764872521246459,0.738160178527151,0.794959677419355,0.745368052078117,0.738160178527151,0.741746605207425,0.766559927973253
dwdLinear,0.735135135135135,0.738160178527151,0.794959677419355,0.745368052078117,0.738160178527151,0.741746605207425,0.766559927973253
dwdLinear,0.776280323450135,0.738160178527151,0.794959677419355,0.745368052078117,0.738160178527151,0.741746605207425,0.766559927973253
dwdLinear,0.762177650429799,0.738160178527151,0.794959677419355,0.745368052078117,0.738160178527151,0.741746605207425,0.766559927973253
dwdLinear,0.759312320916905,0.738160178527151,0.794959677419355,0.745368052078117,0.738160178527151,0.741746605207425,0.766559927973253
dwdLinear,0.743732590529248,0.738160178527151,0.794959677419355,0.745368052078117,0.738160178527151,0.741746605207425,0.766559927973253
dwdLinear,0.76123595505618,0.738160178527151,0.794959677419355,0.745368052078117,0.738160178527151,0.741746605207425,0.766559927973253
dwdLinear,0.778688524590164,0.738160178527151,0.794959677419355,0.745368052078117,0.738160178527151,0.741746605207425,0.766559927973253
dwdLinear,0.783561643835616,0.738160178527151,0.794959677419355,0.745368052078117,0.738160178527151,0.741746605207425,0.766559927973253
dwdLinear,0.757660167130919,0.738160178527151,0.794959677419355,0.745368052078117,0.738160178527151,0.741746605207425,0.766559927973253
dwdLinear,0.778082191780822,0.738160178527151,0.794959677419355,0.745368052078117,0.738160178527151,0.741746605207425,0.766559927973253
dwdLinear,0.784313725490196,0.738160178527151,0.794959677419355,0.745368052078117,0.738160178527151,0.741746605207425,0.766559927973253
dwdLinear,0.767705382436261,0.738160178527151,0.794959677419355,0.745368052078117,0.738160178527151,0.741746605207425,0.766559927973253
dwdLinear,0.767241379310345,0.738160178527151,0.794959677419355,0.745368052078117,0.738160178527151,0.741746605207425,0.766559927973253
dwdLinear,0.79840848806366,0.738160178527151,0.794959677419355,0.745368052078117,0.738160178527151,0.741746605207425,0.766559927973253
dwdLinear,0.76566757493188,0.738160178527151,0.794959677419355,0.745368052078117,0.738160178527151,0.741746605207425,0.766559927973253
dwdLinear,0.756373937677054,0.738160178527151,0.794959677419355,0.745368052078117,0.738160178527151,0.741746605207425,0.766559927973253
dwdPoly,0.771587743732591,0.742127448549467,0.795564516129032,0.746942850012478,0.742127448549467,0.74452736318408,0.76884598233925
dwdPoly,0.752808988764045,0.742127448549467,0.795564516129032,0.746942850012478,0.742127448549467,0.74452736318408,0.76884598233925
dwdPoly,0.786301369863014,0.742127448549467,0.795564516129032,0.746942850012478,0.742127448549467,0.74452736318408,0.76884598233925
dwdPoly,0.756373937677054,0.742127448549467,0.795564516129032,0.746942850012478,0.742127448549467,0.74452736318408,0.76884598233925
dwdPoly,0.780821917808219,0.742127448549467,0.795564516129032,0.746942850012478,0.742127448549467,0.74452736318408,0.76884598233925
dwdPoly,0.754874651810585,0.742127448549467,0.795564516129032,0.746942850012478,0.742127448549467,0.74452736318408,0.76884598233925
dwdPoly,0.784741144414169,0.742127448549467,0.795564516129032,0.746942850012478,0.742127448549467,0.74452736318408,0.76884598233925
dwdPoly,0.759103641456583,0.742127448549467,0.795564516129032,0.746942850012478,0.742127448549467,0.74452736318408,0.76884598233925
dwdPoly,0.778688524590164,0.742127448549467,0.795564516129032,0.746942850012478,0.742127448549467,0.74452736318408,0.76884598233925
dwdPoly,0.756830601092896,0.742127448549467,0.795564516129032,0.746942850012478,0.742127448549467,0.74452736318408,0.76884598233925
dwdPoly,0.774373259052925,0.742127448549467,0.795564516129032,0.746942850012478,0.742127448549467,0.74452736318408,0.76884598233925
dwdPoly,0.771186440677966,0.742127448549467,0.795564516129032,0.746942850012478,0.742127448549467,0.74452736318408,0.76884598233925
dwdPoly,0.739255014326648,0.742127448549467,0.795564516129032,0.746942850012478,0.742127448549467,0.74452736318408,0.76884598233925
dwdPoly,0.787535410764873,0.742127448549467,0.795564516129032,0.746942850012478,0.742127448549467,0.74452736318408,0.76884598233925
dwdPoly,0.771883289124668,0.742127448549467,0.795564516129032,0.746942850012478,0.742127448549467,0.74452736318408,0.76884598233925
dwdPoly,0.798927613941019,0.742127448549467,0.795564516129032,0.746942850012478,0.742127448549467,0.74452736318408,0.76884598233925
dwdPoly,0.807365439093484,0.742127448549467,0.795564516129032,0.746942850012478,0.742127448549467,0.74452736318408,0.76884598233925
dwdPoly,0.767241379310345,0.742127448549467,0.795564516129032,0.746942850012478,0.742127448549467,0.74452736318408,0.76884598233925
dwdPoly,0.762803234501348,0.742127448549467,0.795564516129032,0.746942850012478,0.742127448549467,0.74452736318408,0.76884598233925
dwdPoly,0.762177650429799,0.742127448549467,0.795564516129032,0.746942850012478,0.742127448549467,0.74452736318408,0.76884598233925
dwdPoly,0.75801749271137,0.742127448549467,0.795564516129032,0.746942850012478,0.742127448549467,0.74452736318408,0.76884598233925
dwdPoly,0.787535410764873,0.742127448549467,0.795564516129032,0.746942850012478,0.742127448549467,0.74452736318408,0.76884598233925
dwdPoly,0.748648648648649,0.742127448549467,0.795564516129032,0.746942850012478,0.742127448549467,0.74452736318408,0.76884598233925
dwdPoly,0.782016348773842,0.742127448549467,0.795564516129032,0.746942850012478,0.742127448549467,0.74452736318408,0.76884598233925
dwdPoly,0.786703601108033,0.742127448549467,0.795564516129032,0.746942850012478,0.742127448549467,0.74452736318408,0.76884598233925
dwdRadial,0.762039660056657,0.707909744606992,0.75241935483871,0.699240754347294,0.707909744606992,0.703548546081814,0.730164549722851
dwdRadial,0.752089136490251,0.707909744606992,0.75241935483871,0.699240754347294,0.707909744606992,0.703548546081814,0.730164549722851
dwdRadial,0.750692520775623,0.707909744606992,0.75241935483871,0.699240754347294,0.707909744606992,0.703548546081814,0.730164549722851
dwdRadial,0.699453551912568,0.707909744606992,0.75241935483871,0.699240754347294,0.707909744606992,0.703548546081814,0.730164549722851
dwdRadial,0.746594005449591,0.707909744606992,0.75241935483871,0.699240754347294,0.707909744606992,0.703548546081814,0.730164549722851
dwdRadial,0.734584450402145,0.707909744606992,0.75241935483871,0.699240754347294,0.707909744606992,0.703548546081814,0.730164549722851
dwdRadial,0.754237288135593,0.707909744606992,0.75241935483871,0.699240754347294,0.707909744606992,0.703548546081814,0.730164549722851
dwdRadial,0.723032069970845,0.707909744606992,0.75241935483871,0.699240754347294,0.707909744606992,0.703548546081814,0.730164549722851
dwdRadial,0.759206798866855,0.707909744606992,0.75241935483871,0.699240754347294,0.707909744606992,0.703548546081814,0.730164549722851
dwdRadial,0.716216216216216,0.707909744606992,0.75241935483871,0.699240754347294,0.707909744606992,0.703548546081814,0.730164549722851
dwdRadial,0.741239892183288,0.707909744606992,0.75241935483871,0.699240754347294,0.707909744606992,0.703548546081814,0.730164549722851
dwdRadial,0.70487106017192,0.707909744606992,0.75241935483871,0.699240754347294,0.707909744606992,0.703548546081814,0.730164549722851
dwdRadial,0.70487106017192,0.707909744606992,0.75241935483871,0.699240754347294,0.707909744606992,0.703548546081814,0.730164549722851
dwdRadial,0.729805013927577,0.707909744606992,0.75241935483871,0.699240754347294,0.707909744606992,0.703548546081814,0.730164549722851
dwdRadial,0.685393258426966,0.707909744606992,0.75241935483871,0.699240754347294,0.707909744606992,0.703548546081814,0.730164549722851
dwdRadial,0.756830601092896,0.707909744606992,0.75241935483871,0.699240754347294,0.707909744606992,0.703548546081814,0.730164549722851
dwdRadial,0.731506849315068,0.707909744606992,0.75241935483871,0.699240754347294,0.707909744606992,0.703548546081814,0.730164549722851
dwdRadial,0.727019498607242,0.707909744606992,0.75241935483871,0.699240754347294,0.707909744606992,0.703548546081814,0.730164549722851
dwdRadial,0.728767123287671,0.707909744606992,0.75241935483871,0.699240754347294,0.707909744606992,0.703548546081814,0.730164549722851
dwdRadial,0.739495798319328,0.707909744606992,0.75241935483871,0.699240754347294,0.707909744606992,0.703548546081814,0.730164549722851
dwdRadial,0.753541076487252,0.707909744606992,0.75241935483871,0.699240754347294,0.707909744606992,0.703548546081814,0.730164549722851
dwdRadial,0.727011494252874,0.707909744606992,0.75241935483871,0.699240754347294,0.707909744606992,0.703548546081814,0.730164549722851
dwdRadial,0.708222811671088,0.707909744606992,0.75241935483871,0.699240754347294,0.707909744606992,0.703548546081814,0.730164549722851
dwdRadial,0.743869209809264,0.707909744606992,0.75241935483871,0.699240754347294,0.707909744606992,0.703548546081814,0.730164549722851
dwdRadial,0.730878186968839,0.707909744606992,0.75241935483871,0.699240754347294,0.707909744606992,0.703548546081814,0.730164549722851
