RMSE,Rsquared,MAE,Model
0.0277202972256798,0.113025064621132,0.00345702621930563,avNNet
0.0244102675050226,0.231595712413702,0.00389805430246627,avNNet
0.0263372254180486,0.123898261286796,0.0037658197526365,avNNet
0.0254480180166148,0.193997981210067,0.00406052270127738,avNNet
0.0236406429882597,0.384870420679292,0.00311457074177154,avNNet
0.0281248765430471,0.113544778436117,0.00457470867499446,avNNet
0.0256900591581421,0.083509132703309,0.00355345804653475,avNNet
0.0254620711899621,0.0773310362075321,0.00343459251872784,avNNet
0.0251813078509679,0.164291358298672,0.00450032926360053,avNNet
0.0258573982157136,0.222102173095767,0.00384006042813961,avNNet
0.0254036087349327,0.166133823949559,0.00352194789911684,avNNet
0.0272205198771658,0.199564962166197,0.00435890250821236,avNNet
0.0282646382132018,0.0969700652475464,0.00388386856008708,avNNet
0.0249285547341154,0.158107857701677,0.00399582748916124,avNNet
0.0247072724546095,0.0810352815978043,0.00391507278972834,avNNet
0.0241433531930295,0.136212695644997,0.0036902887084837,avNNet
0.0274852968029218,0.113347053969789,0.00423483912638055,avNNet
0.023616611065176,0.147090486670015,0.00340053867046678,avNNet
0.0269836884158779,0.145918196174052,0.00337509809543181,avNNet
0.0262451103592882,0.133434026229702,0.00421614725476493,avNNet
0.0226638605890425,0.137491551998505,0.00350993523191379,avNNet
0.0265737372955575,0.0945117282680445,0.0035449674748949,avNNet
0.0252389419894793,0.12352497537281,0.00377653172799373,avNNet
0.0283374950092642,0.248375070232694,0.00429173155660975,avNNet
0.0271532806431383,0.0878299206564008,0.00351214321866224,avNNet
0.0293342248788948,0.00738349098054058,0.00340962547951328,nnet
0.0300235123584771,0.170287155551303,0.00537647765316431,nnet
0.0277763265197304,0.00390711099072389,0.00296103619705656,nnet
0.0269226960077812,0.174619604061067,0.0039723274785625,nnet
0.0264870263504072,0.00592305605740701,0.00308175968058078,nnet
0.0264827559199615,0.0284166568349087,0.00327109692117527,nnet
0.0283698619598394,0.00339742760599049,0.00325708938236768,nnet
0.0292390952560585,0.018405954416196,0.00399815017145097,nnet
0.0275847582422591,0.0118872400481859,0.0037785928443392,nnet
0.03027788695509,0.00918506961454604,0.00359148142160456,nnet
0.0258424810690061,0.19697782724047,0.00454679327353975,nnet
0.0292486734035043,0.00333675981974742,0.00370060349611397,nnet
0.0259058627379387,0.00745238651702477,0.00305214964917802,nnet
0.0252239148695533,0.0670620792109551,0.00602136743183985,nnet
0.0298099788665294,0.0079512315077929,0.00361655805416907,nnet
0.024921849328129,0.148598459816824,0.00374177546560912,nnet
0.0286472924125442,0.0121385993230816,0.00333310318163042,nnet
0.0272395748573634,0.00591375618476444,0.00329062283213891,nnet
0.0289483046233421,0.00136380208389885,0.0034237645196962,nnet
0.0255436503097115,0.0138766379293703,0.00318529960049113,nnet
0.024228510092478,0.000556156533481692,0.00275678259372041,nnet
0.0310195007061958,0.00251236038085876,0.00382253992564021,nnet
0.0281103142540502,0.00464885388339219,0.00308997789982245,nnet
0.0244485743714351,0.0148813403823027,0.00289462318833382,nnet
0.0240893190876106,0.00285444757646104,0.00261091434083166,nnet
0.0263084206806081,0.210964411993852,0.00801974370130016,pcaNNet
0.0232266816487964,0.319531904420083,0.00741861038514954,pcaNNet
0.0250909673514433,0.201156583735515,0.00738743625510354,pcaNNet
0.0246178687297485,0.239265393526299,0.00730666202092889,pcaNNet
0.0236991907747923,0.212947082650382,0.00715757827415513,pcaNNet
0.0237771326857144,0.312295230026669,0.00738517894563616,pcaNNet
0.0261382137234618,0.222479240334727,0.00793807520761719,pcaNNet
0.0236575422436287,0.277652502968155,0.00754452170993176,pcaNNet
0.025876937833558,0.289996698499076,0.00798783931608279,pcaNNet
0.0247837444438101,0.214827589456811,0.00753523003764844,pcaNNet
0.0254516413230509,0.253255679103565,0.00762682327624226,pcaNNet
0.0234716062883401,0.219706026379747,0.00756059602419113,pcaNNet
0.0240385384173991,0.186130965927041,0.00760237992159843,pcaNNet
0.0264913122415369,0.211709561055045,0.00763481869532016,pcaNNet
0.0239919282385622,0.21999720902559,0.00735022782197846,pcaNNet
0.0252683891887823,0.230819159016592,0.00716562025578189,pcaNNet
0.0239886959846073,0.239735523298943,0.00719638719185621,pcaNNet
0.0257347021229881,0.225103056829487,0.00798607947528784,pcaNNet
0.0223937793980384,0.264110573711882,0.00720724899087888,pcaNNet
0.023071869783466,0.188482765895683,0.00706162158847195,pcaNNet
0.0271725688056398,0.235540366608285,0.00819711524014384,pcaNNet
0.024753270674745,0.237948483559619,0.00730305495292737,pcaNNet
0.0241313917585818,0.168734218988595,0.00749927759939663,pcaNNet
0.0215357766776854,0.233078113618251,0.00702202817100376,pcaNNet
0.0239303454930084,0.219069326127579,0.00737766336563819,pcaNNet
0.0286664584640018,0.0950933810261972,0.00653956442939535,bagEarth
0.0272798382321741,0.103647652348163,0.00644433633755642,bagEarth
0.0261263830989608,0.100396494349901,0.00632258586194307,bagEarth
NA,NA,NA,bagEarth
0.0235502915562887,0.0672519144557583,0.00636999026175287,bagEarth
0.0282414682860726,0.0614692164205586,0.0067047921901864,bagEarth
0.0257209134793306,0.0834871882521473,0.00630880916305434,bagEarth
0.0238811759008917,0.115532003323787,0.00659935652776402,bagEarth
0.0272391140970213,0.0870525710742512,0.00646140859631099,bagEarth
0.0231832843419137,0.0786097973348145,0.00643407640036191,bagEarth
0.0233325046152069,0.0675405506085386,0.00628027261194965,bagEarth
0.0250792124334709,0.0941005238536144,0.00637139977593171,bagEarth
0.0282706631315078,0.0605020683384906,0.00676756840938699,bagEarth
0.0267593435914863,0.0663469187990972,0.00674857046070863,bagEarth
0.0268726029456286,0.0911432014824975,0.00665694609684849,bagEarth
0.0263122847218288,0.109123686017429,0.00638121058277599,bagEarth
0.0267594600770653,0.0866275858676257,0.00644582693045489,bagEarth
0.0279341739114348,0.0812377922297339,0.00686305581247025,bagEarth
0.0250684443329211,0.0932212530677268,0.00617082611246071,bagEarth
0.0259798911682434,0.108355547716506,0.00645064526782338,bagEarth
0.0245095408697368,0.0943328359427705,0.0071853567696091,bagEarth
0.02491142397214,0.0742157389750184,0.00658358739753581,bagEarth
0.0262159103298104,0.0672657419543498,0.0067165571343503,bagEarth
0.0293207582124494,0.0947556644400804,0.00693844219073357,bagEarth
0.0267701800214182,0.0826878500178532,0.00641824044739024,bagEarth
0.0239979316234065,0.0597947401175786,0.00743691988664197,bagEarthGCV
0.0240170619429636,0.106246662049311,0.00725311203503205,bagEarthGCV
0.0234596004969392,0.0657231990965729,0.00681038636860903,bagEarthGCV
0.0272894529410519,0.0996691171868233,0.00725555198715274,bagEarthGCV
0.0291844613883551,0.0453227524232804,0.00749754982577222,bagEarthGCV
0.0259967222487807,0.0777299867765091,0.00715274581629675,bagEarthGCV
0.0237428028429199,0.0621356441385566,0.00719376714549448,bagEarthGCV
0.0287484028289238,0.087100908293127,0.006921207549043,bagEarthGCV
0.0262492410822063,0.0913697388385305,0.00736559318727163,bagEarthGCV
0.0281490791340847,0.0689559249166826,0.00712189934327726,bagEarthGCV
0.0274420071786648,0.0730308656360285,0.00725332919480336,bagEarthGCV
NA,NA,NA,bagEarthGCV
0.0271714750381264,0.0781658599645761,0.00754685530303159,bagEarthGCV
0.0282976841593646,0.0676641843631571,0.00779727070487555,bagEarthGCV
0.0247749673447892,0.0860534108387645,0.00770668317458029,bagEarthGCV
0.0293880139682384,0.0900853502384565,0.00793751851608583,bagEarthGCV
0.0270433347256466,0.0589632840840555,0.00776965015200308,bagEarthGCV
0.0266444310812759,0.0947724288890721,0.00701783459183887,bagEarthGCV
0.0260761433560541,0.0987833547568724,0.00703412374453086,bagEarthGCV
0.0261477054573394,0.0759410483922212,0.00758500544258912,bagEarthGCV
0.0282782999614769,0.066356138339959,0.00755117620116356,bagEarthGCV
0.0264835599647516,0.0907664703335708,0.00694309187367213,bagEarthGCV
0.0251199077947551,0.0889867596948302,0.00661515983175911,bagEarthGCV
0.0252500587418362,0.0628434074787315,0.00735827059649647,bagEarthGCV
0.0269493565058117,0.0744173045729768,0.00734958919046059,bagEarthGCV
0.0287834971851056,0.0843071981056788,0.00700526700127451,earth
0.0271217002807556,0.11140002896155,0.0073895907936104,earth
0.0266023031428773,0.0725147527214585,0.00744186776457173,earth
0.0296281383539503,0.0275501667915887,0.00735705781506697,earth
0.0238886940842259,0.0627298937419329,0.00727564911598185,earth
0.0282537846560862,0.064349452094883,0.0070479038877901,earth
0.025837018528046,0.0823583611893583,0.00685712711017874,earth
0.0238518715641499,0.117708986758757,0.00728534230476558,earth
0.0272263732529501,0.0864411978732291,0.00728919694357294,earth
0.0242005173702565,0.0534541100172857,0.00716955598184121,earth
0.0239666690422367,0.0508237754817798,0.00682273745892615,earth
0.0251632456837134,0.0893162823921357,0.00751765829773838,earth
0.0288862261929987,0.044076129700871,0.00736348640866657,earth
0.0268652771639972,0.0659070745225302,0.00782997830668638,earth
0.0267979967085533,0.0961780604829769,0.00744639622546646,earth
0.0263998007536932,0.0975091173299028,0.00697858179957684,earth
0.0268531181553045,0.081473030831059,0.00707717959317108,earth
0.0290540236307016,0.0315426706832182,0.00709499531620329,earth
0.0252011612776514,0.0836000676936407,0.00678184693088062,earth
0.0257998995957798,0.118925870918818,0.00723663162251265,earth
0.0245888516749692,0.0932639234516197,0.00812844665582182,earth
0.0252421705454389,0.0600709717842875,0.00670214001000327,earth
0.027110412924317,0.045916254700218,0.00689691219920107,earth
0.0291275822203242,0.105745152793182,0.00781511462650552,earth
0.0268063561648864,0.081381134815659,0.00678691754338717,earth
0.0239902407105989,0.0618732270889573,0.00753489234971287,gcvEarth
0.0238265474003419,0.119591508990116,0.00743735486353896,gcvEarth
0.0239131345063357,0.0543806092764667,0.00714183363140216,gcvEarth
0.0270981489812898,0.112862108189624,0.00750002586671446,gcvEarth
0.0320625561403721,0.0174776329040519,0.00872740127538576,gcvEarth
0.0261393664556733,0.0706866450039935,0.0077611829978221,gcvEarth
0.0249634475709298,0.0416799165304919,0.00810944660782417,gcvEarth
0.0287794870539399,0.0845689408323184,0.00704244312270582,gcvEarth
0.0266469272990879,0.0779156790861119,0.00801677827489299,gcvEarth
0.0282163215538854,0.0665103295500333,0.00712931646005788,gcvEarth
0.0277439638854174,0.0614187780163622,0.0078153874094089,gcvEarth
0.0252269064769501,0.0863509354599794,0.0077627141991124,gcvEarth
0.0268173220487171,0.094965266906771,0.00745835547242768,gcvEarth
0.0294303833941149,0.0428739229058292,0.00899756549997052,gcvEarth
0.0245484959752886,0.0960889134618373,0.00817398439471279,gcvEarth
0.0300417307479685,0.0681839355458832,0.00892395842784681,gcvEarth
0.0269453335384767,0.0628638354197835,0.00794387947925957,gcvEarth
0.026850168208576,0.0817412696287837,0.00716887096653738,gcvEarth
0.0258424543137641,0.115251565959872,0.00741218011680273,gcvEarth
0.0272136829619055,0.0514835360233769,0.00825448789452238,gcvEarth
0.029259975264903,0.0452457005963274,0.00829454697448671,gcvEarth
0.0263394131793417,0.102024155733743,0.00691747183202711,gcvEarth
0.0251418173157361,0.0886648929770565,0.0072194944204002,gcvEarth
0.025337940825168,0.0640618596795678,0.00777150694430414,gcvEarth
0.0277512353775751,0.0526799845257971,0.00857416595344215,gcvEarth
0.0240070721462237,0.0642202579989655,0.00889681122090493,bam
0.0248261975226292,0.0512977843935827,0.0092716938532057,bam
0.0294096961052036,0.0581618116386314,0.00890371352410039,bam
0.0245295243279897,0.0913068992119168,0.00895300943017436,bam
0.0264750795920308,0.0872679729346807,0.0086969480970377,bam
0.0242194177878,0.0509402021927868,0.00827424733168412,bam
0.0282671160857018,0.0704687464376341,0.00886918010654864,bam
0.0276055660259523,0.0852963945469184,0.00850133211347229,bam
0.0274082417366776,0.0776784140334278,0.00812990506505652,bam
0.0289035979448598,0.0550953719312,0.00848426112416822,bam
0.0258904408643932,0.0638955605677913,0.00869819568492462,bam
0.0259148561948448,0.0819518174103065,0.00803996108459895,bam
0.027165719753037,0.0847853952878023,0.00876296206226703,bam
0.0261801267074038,0.0817925054040056,0.00880817034349962,bam
0.0281597630055092,0.0760806438899394,0.00887071729387764,bam
0.0283485965312419,0.0709243694704014,0.00903708041689265,bam
0.0251240291210971,0.0786095734166972,0.00908087375048785,bam
0.0267094006795326,0.0804924202667035,0.00829994419475893,bam
0.0296627223697113,0.0803481966382731,0.00923828501697986,bam
0.0250560654766526,0.0951244403420659,0.00745853116659342,bam
0.0273994467008246,0.0518795204094514,0.00889523043797832,bam
0.0255245419472492,0.0594150732715148,0.00865597959153799,bam
0.0270121772932782,0.077179696813076,0.0081604297691489,bam
0.027400626621588,0.0610903008299921,0.00867307401236543,bam
0.0265696237666988,0.0748013995358291,0.008434413095654,bam
0.0241341409452077,0.0598575233754207,0.00897894635638353,gam
0.0248016515836022,0.0521648581386491,0.00928278608174238,gam
0.0293981641913063,0.0587705737446011,0.00889662523176952,gam
0.0245667447758186,0.090067221818361,0.00903095326148183,gam
0.0265340668358508,0.0849636309764569,0.00875207324908137,gam
0.0242341005000736,0.0500254179461224,0.00828081222431256,gam
0.0283054461059943,0.0687912660159778,0.00889754578513136,gam
0.0276522390201606,0.0838279652159527,0.00862239797502867,gam
0.0275456037007202,0.0716611834810298,0.00827152263695985,gam
0.0289949640994293,0.05164153157049,0.0086787933082948,gam
0.0260143071937733,0.0598326637423966,0.00880972953703756,gam
0.0261070934331719,0.0750114680976725,0.00832747096593343,gam
0.0272529487252774,0.0828349440027304,0.00891884478851939,gam
0.0262621971151162,0.0793764179483775,0.00878228553136733,gam
0.0282124857004592,0.0746447318346267,0.00901694027485858,gam
0.0285842139766,0.0647461006761563,0.00926087244497308,gam
0.0251789583162316,0.0780832182582202,0.00917212002487991,gam
0.0268465485589033,0.0750248858708278,0.00843445977053463,gam
0.0297087349389178,0.0787794942494634,0.00933129781100294,gam
0.025073876335329,0.0944850313083335,0.00756435790160892,gam
0.0274642975803071,0.0512744642512761,0.00896875305966901,gam
0.0256212641297745,0.0560215021809701,0.00878896939456683,gam
0.0270771575799769,0.0737205029935596,0.00816015582169649,gam
0.0274345743130328,0.0610917550869688,0.00879752460782573,gam
0.0266591031626475,0.0712968758898858,0.0085095360025535,gam
0.023583592562688,0.0720288025333059,0.00841937722132799,bayesglm
0.0241573989535788,0.0950789075748878,0.00803488276519772,bayesglm
0.0232562674420107,0.0662758832622036,0.0076758818493828,bayesglm
0.027401035075051,0.092233106079218,0.00825565093143779,bayesglm
0.0283857716701033,0.0834807342691585,0.00778664488768358,bayesglm
0.0255668099381152,0.0929048098230736,0.00758565952097749,bayesglm
0.0233259511905584,0.0744297669414191,0.00849693323149494,bayesglm
0.0287051572812775,0.0935839795966361,0.00783546404084251,bayesglm
0.0262644689863709,0.0890848857720979,0.00836863927876594,bayesglm
0.0278275878437765,0.0870419419005165,0.00792730474760866,bayesglm
0.0273526455287507,0.0781714234967975,0.00787896644415186,bayesglm
0.0252119973012043,0.0848955633881554,0.00797049693648306,bayesglm
0.0269502770781298,0.0858045645486763,0.00812832717314402,bayesglm
0.0277827804391833,0.0918130466041869,0.00816617825919004,bayesglm
0.0247427863287261,0.0801169304305228,0.008527826076763,bayesglm
0.0293929495503733,0.0910156225066529,0.00850942586834818,bayesglm
0.026636736549292,0.071427247189877,0.00821027996123414,bayesglm
0.0266738152001001,0.0938625363646067,0.00771308630795685,bayesglm
0.0261583396451715,0.094077342322609,0.00773106392718395,bayesglm
0.0257791866696365,0.0919689467629456,0.00827318040439842,bayesglm
0.0279703522975301,0.0791249099325061,0.00859147578697285,bayesglm
0.0263947723842235,0.0991868604376979,0.00782496780486554,bayesglm
0.0251213490828343,0.0885782170811424,0.00746704518964218,bayesglm
0.0248155772342672,0.0802297521591716,0.00793247378196985,bayesglm
0.0268768061868813,0.0760966717292359,0.0082507974089734,bayesglm
0.0236139370493469,0.0707934815653884,0.00849478992239969,glm
0.0241891548460669,0.0930907084337484,0.00813021642752436,glm
0.0232725206121473,0.0656970012402086,0.00773344411507807,glm
0.0274103981998008,0.0914967220676987,0.00831580547113824,glm
0.028380803813801,0.0836937192493685,0.00782083996223837,glm
0.025595260309967,0.090567358595044,0.00767983366452271,glm
0.023337920700524,0.0742577654023525,0.00856001845378276,glm
0.0287230712167244,0.0918878548801864,0.00789031346424937,glm
0.0263004568380924,0.0867957080446809,0.00845224688922227,glm
0.0278335590915786,0.0864797587115657,0.00797719491429562,glm
0.0273754323014096,0.0765072343240022,0.00792692916398815,glm
0.0252381121165754,0.0832728748521556,0.00802999273234716,glm
0.0269794103846157,0.0838066839397233,0.0082035186032809,glm
0.0278053380887218,0.0900383791596595,0.0082547883026387,glm
0.0247706097625227,0.0788234182084862,0.00860818956807601,glm
0.0294139400279697,0.0893983055144976,0.00855891948766909,glm
0.0266532805011097,0.0705148879104911,0.0082507530146851,glm
0.0266746127158149,0.0936760242386271,0.00773512516888934,glm
0.0261756375214954,0.0925949892781586,0.00779076227796954,glm
0.0258079093206548,0.0901422360119771,0.00834429225510631,glm
0.0279831066858885,0.0784140546218258,0.00863565924304714,glm
0.0264056815728618,0.0978466159071459,0.00788618228623016,glm
0.0251292665514718,0.0878973197958617,0.00752737579829903,glm
0.0248068928191312,0.0808991410251136,0.00795237660944471,glm
0.0268930303292853,0.0751934210611557,0.00829252947959372,glm
0.0236139370493469,0.0707934815653884,0.00849478992239969,lm
0.0241891548460669,0.0930907084337484,0.00813021642752436,lm
0.0232725206121473,0.0656970012402086,0.00773344411507807,lm
0.0274103981998008,0.0914967220676988,0.00831580547113823,lm
0.028380803813801,0.0836937192493685,0.00782083996223837,lm
0.025595260309967,0.090567358595044,0.00767983366452272,lm
0.023337920700524,0.0742577654023523,0.00856001845378276,lm
0.0287230712167244,0.0918878548801864,0.00789031346424937,lm
0.0263004568380924,0.0867957080446809,0.00845224688922228,lm
0.0278335590915786,0.0864797587115657,0.00797719491429561,lm
0.0273754323014096,0.0765072343240021,0.00792692916398815,lm
0.0252381121165754,0.0832728748521556,0.00802999273234715,lm
0.0269794103846157,0.0838066839397232,0.0082035186032809,lm
0.0278053380887218,0.0900383791596596,0.00825478830263869,lm
0.0247706097625227,0.0788234182084862,0.00860818956807601,lm
0.0294139400279697,0.0893983055144976,0.0085589194876691,lm
0.0266532805011097,0.0705148879104912,0.0082507530146851,lm
0.0266746127158149,0.0936760242386272,0.00773512516888934,lm
0.0261756375214954,0.0925949892781586,0.00779076227796953,lm
0.0258079093206548,0.0901422360119772,0.00834429225510631,lm
0.0279831066858885,0.0784140546218257,0.00863565924304714,lm
0.0264056815728618,0.0978466159071459,0.00788618228623016,lm
0.0251292665514718,0.0878973197958617,0.00752737579829903,lm
0.0248068928191312,0.0808991410251137,0.00795237660944471,lm
0.0268930303292853,0.0751934210611556,0.00829252947959373,lm
0.0249503535977972,0.224181747215185,0.00464084456901922,blackboost
0.0264503852675996,0.190087764879158,0.0045523562254289,blackboost
0.0258804659677922,0.154145708444063,0.00470914315669442,blackboost
0.0257387818021763,0.135477594302434,0.00453038001916864,blackboost
0.0266584129484816,0.163623957799203,0.00481995010807804,blackboost
0.0242947634542607,0.155955910218724,0.00439321421762118,blackboost
0.0238390986134791,0.185127052895826,0.00460686420702913,blackboost
0.0255263920610511,0.19834789606651,0.00461319355597936,blackboost
0.0268688345878017,0.152585889663668,0.00474349580256671,blackboost
0.0254086972541999,0.149998072470339,0.00456252724421915,blackboost
0.0271574640951352,0.218573342471547,0.00489117456450874,blackboost
0.025033845827537,0.176436872379298,0.00462075036514153,blackboost
0.0245850675523224,0.170417769613568,0.0045859209286063,blackboost
0.0236494576606965,0.156123066834333,0.00444232782149037,blackboost
0.024890411800523,0.0984210718766487,0.00466739432087911,blackboost
0.0276598732587003,0.136962982495907,0.00478146044433365,blackboost
0.0226158047921445,0.216108903748695,0.0045104002282175,blackboost
0.0260409337144966,0.194335547450446,0.00462863948252017,blackboost
0.0251280717753343,0.137034805414997,0.00494575228734157,blackboost
0.0266271177611967,0.150269653543375,0.00482938222985345,blackboost
0.0230643825901414,0.109952411568604,0.00464989793399214,blackboost
0.0226661703325738,0.114756844723808,0.00448190067362029,blackboost
0.0290357382199314,0.113122896630248,0.00526998952468894,blackboost
0.0265800456413057,0.0992975749741752,0.00466718717352371,blackboost
0.0220591329953591,0.154536619060463,0.00413349458444948,blackboost
0.0255680549880356,0.138581282346032,0.00434197226200177,ctree
0.0290303734160217,0.0703183551967002,0.00499847377023172,ctree
0.025235844713817,0.0731501507128074,0.00454813991999281,ctree
0.0282377808387124,0.0957718686548481,0.00478890718961221,ctree
0.0267820800208974,0.0708210954676929,0.00473537901632629,ctree
0.0241639531385217,0.134470396928614,0.00426093974950554,ctree
0.0273572508174083,0.090149502284031,0.00431093716518051,ctree
0.0251859969660005,0.0742456851756763,0.00431302018166849,ctree
0.0235342428149023,0.0919590546490438,0.00407915214658509,ctree
0.0251476178145527,0.0974330964314986,0.00452677995570426,ctree
0.0283998801788412,0.112424842508733,0.00497571328434025,ctree
0.0285120875350079,0.0864130455716725,0.00466835143418479,ctree
0.0271812859762841,0.100730338209228,0.00480795743688745,ctree
0.0253480291575677,0.16884176150469,0.00457390289826337,ctree
0.0270101302746342,0.0791383885435118,0.00478872046461462,ctree
0.0298211182799327,0.0716129172416383,0.00496329471847573,ctree
0.0250513434481372,0.106812636156933,0.00417517975355936,ctree
0.0285051735522095,0.0425941173114356,0.00489147864846939,ctree
0.0249909978040602,0.0850589174730934,0.00451624983235779,ctree
0.0267495273998849,0.0795387320821336,0.00474644454030401,ctree
0.0262175883048374,0.0978046555218638,0.00494231844741775,ctree
0.029721748628131,0.0800587783154961,0.00488906961914392,ctree
0.0264409698483066,0.122520713056794,0.00446678584687953,ctree
0.0296216288120901,0.0545490841561526,0.0049011645376798,ctree
0.0274447898975502,0.0613675898979691,0.00453144324039316,ctree
0.0268374352046192,0.0674061045898176,0.00528255415547004,ctree2
0.0276714756328862,0.100133301038046,0.00508824118288729,ctree2
0.0272619815879039,0.0538462243059681,0.00511420828986568,ctree2
0.0272896074654308,0.0284017557495209,0.00513632822168288,ctree2
0.0279928557804817,0.0775053531822777,0.00520473412840906,ctree2
0.0251695304772873,0.0863302452063355,0.00483738892532832,ctree2
0.0257170678344092,0.0495428013043886,0.00499484127465464,ctree2
0.0274730344678983,0.057374690859135,0.00526389943896707,ctree2
0.028527771668071,0.0402973232859851,0.00541253367441197,ctree2
0.0265668088156753,0.0651582449895725,0.00498586129058849,ctree2
0.0294306153669076,0.0425016807653538,0.0055904406583129,ctree2
0.0263818524419801,0.0816139550217648,0.00513020376770145,ctree2
0.0264172150659453,0.0341006107031897,0.00517875186225042,ctree2
0.0250637097437315,0.0547805503619174,0.00494054111038509,ctree2
0.0253329411361597,0.0581075173403955,0.0049962105643579,ctree2
0.0291122293043716,0.040512788443786,0.00530293537952298,ctree2
0.0248261607886659,0.050424585297746,0.0048702002557893,ctree2
0.0273431291388428,0.0787901274048668,0.00494354963069066,ctree2
0.0265942166761683,0.0406938786863763,0.0054692028199863,ctree2
0.0275177423593145,0.0938386246088587,0.00512156968365531,ctree2
0.0226057123684333,0.137091069521495,0.00488544559831463,ctree2
0.0241777343099207,0.0262625274518866,0.0050627808005804,ctree2
0.0304722044272036,0.0297347245766511,0.00592260167798904,ctree2
0.0273566120303341,0.0480237404465887,0.00530610375140559,ctree2
0.0228770837542659,0.0881890872397509,0.00430485704346658,ctree2
0.0261907163495794,0.105631123587209,0.0060749738485588,gamboost
0.0285281302628,0.0882770877830332,0.00607188289770994,gamboost
0.0233600816498902,0.0776210743717218,0.00603634562052004,gamboost
0.0278472758711298,0.101234667814075,0.00608835556604353,gamboost
0.0255852247792354,0.104377900931198,0.0059536376314917,gamboost
0.0240860145820503,0.109016845109308,0.00602102605490078,gamboost
0.0272814638500463,0.0993383716273708,0.00598284319363661,gamboost
0.0229851410502522,0.0896625023543371,0.00611744332931372,gamboost
0.0229402516535772,0.0851734263981653,0.00556666190643726,gamboost
0.0252194881073548,0.0908292933805531,0.00585228387813136,gamboost
0.0288085856893821,0.101873650094641,0.00631143108208685,gamboost
0.0274019010048733,0.11047289630345,0.00607271813016293,gamboost
0.0268717934198594,0.103567619430055,0.00619934221962389,gamboost
0.0264582570427079,0.120496158883376,0.00594152397405554,gamboost
0.0267302829517107,0.107525274897004,0.00595661041541958,gamboost
0.0277964768202171,0.107926250084584,0.00607467064978578,gamboost
0.0252323660009829,0.0925110019831429,0.005563894114481,gamboost
0.0261804419124933,0.105456138055055,0.00595807551144043,gamboost
0.0245262149800678,0.0964741904542764,0.0059955729518014,gamboost
0.0247500104654189,0.0870829160134122,0.00606956039202208,gamboost
0.0258358458252872,0.0997533551390568,0.0059526092234794,gamboost
0.0294162005578327,0.113278906149954,0.00643210356421145,gamboost
0.0267991993300755,0.0855894988032652,0.00615944034285822,gamboost
0.0279456535305108,0.0850127864031997,0.00641200014438802,gamboost
0.026580958526539,0.0772995576570131,0.0061283353164365,gamboost
0.0265785458856993,0.0745809807364356,0.00661159692373571,glmboost
0.0287916418022352,0.0675330796326817,0.00644293965893234,glmboost
0.0235618515052593,0.0621331530771397,0.00657296673418408,glmboost
0.0282397918911079,0.0674645416063037,0.00651293272731384,glmboost
0.0259604143917174,0.0743692900826215,0.00627057544769159,glmboost
0.0244770312036448,0.0761126042118472,0.00653817164705391,glmboost
0.0276331023492986,0.0709024846399382,0.00629790367075579,glmboost
0.0233270262523102,0.0623819570435368,0.00665298084890805,glmboost
0.0232879908162284,0.0556304013212976,0.00607061365342284,glmboost
0.0254792274504588,0.0708864387950782,0.00636952024470836,glmboost
0.0291776294951048,0.0739909810639104,0.00657978667164172,glmboost
0.0277981470313852,0.0775225840695201,0.00661982471009783,glmboost
0.0272888605290383,0.0698839633778792,0.00665295430245145,glmboost
0.026810421019157,0.0872302449962828,0.00632426033349217,glmboost
0.0271176007766316,0.0742043508173326,0.00625915583361733,glmboost
0.0282097921126803,0.0730952047335302,0.00668753425762623,glmboost
0.0254954247390711,0.069117663580185,0.00610649615567761,glmboost
0.0265451343919271,0.0769369941785981,0.00637076698515421,glmboost
0.0249046725989211,0.0659062441917395,0.00661926544163193,glmboost
0.0250848863881122,0.0616315649706343,0.00654305711823337,glmboost
0.0261092914789963,0.0764298288868522,0.00653137852427261,glmboost
0.0298362401528016,0.0749996849169201,0.00689827329529959,glmboost
0.0271209559208865,0.0611273961642168,0.00678547839421692,glmboost
0.0282668234680474,0.0634416355218776,0.00700329019723082,glmboost
0.0268427053035541,0.0593057357835132,0.00643256432246677,glmboost
0.0268940448262282,0.0601739712468859,0.00610145870531242,BstLm
0.0290841576711313,0.0582182774738264,0.0058620953719206,BstLm
0.0238199448824958,0.0456603818127786,0.00594537405821904,BstLm
0.0285468939772666,0.0527674644354936,0.00604926364329685,BstLm
0.0262678973424336,0.0577626013522454,0.00583421617036732,BstLm
0.0247947947575081,0.0593745706511463,0.00583638296092777,BstLm
0.0279131305456217,0.0594898294183227,0.00580994294375201,BstLm
0.0235674498534035,0.0493437831416564,0.00591625116693967,BstLm
0.0235059828155081,0.0432808742195812,0.00538507284280263,BstLm
0.0257809120148861,0.0564683611362251,0.0058883987349771,BstLm
0.0294847545825462,0.0582706610702642,0.00607668021593127,BstLm
0.0281476994259002,0.059042848116125,0.006167890271279,BstLm
0.0276012686463164,0.0551507868566046,0.00601910485873518,BstLm
0.0271436632245865,0.0697377748427059,0.00596543327823049,BstLm
0.0274250183618426,0.056460453431565,0.00586603379600606,BstLm
0.0285560014544066,0.0603303623991327,0.00614121624096918,BstLm
0.0257854327274168,0.0582918967677694,0.00555870999660416,BstLm
0.0268629359149735,0.0645929253004193,0.00577122374822391,BstLm
0.0251633605566784,0.05831265587773,0.0061210585783508,BstLm
0.0253501552768254,0.0490132986974242,0.00591564036213181,BstLm
0.0264319234430167,0.0595622400929581,0.00607606916930979,BstLm
0.0301683129204427,0.0595066413404675,0.00636494936367278,BstLm
0.0273808202476723,0.0512483819010377,0.00602449709259522,BstLm
0.0285561588089015,0.0546699351793467,0.0061427226845914,BstLm
0.027130375746153,0.0432195423526395,0.00586939898114846,BstLm
0.0261770003259372,0.106159100999191,0.00610751894518851,bstSm
0.0285388101114411,0.0861545378706181,0.00610752948999837,bstSm
0.0234042490453011,0.0740778260033789,0.00605632202857344,bstSm
0.0278492574109842,0.0990769498106549,0.00613604193850331,bstSm
0.0255840777381989,0.103163501922713,0.00596868710644001,bstSm
0.0240898072595132,0.107319378678648,0.00604484024860396,bstSm
0.027263722754559,0.100113391162288,0.00599851669079306,bstSm
0.0229828980311135,0.0898287645519225,0.00608339724575639,bstSm
0.0229628600841851,0.0829774425610495,0.00556472838823327,bstSm
0.0252488191712397,0.087609635808128,0.00588413540045088,bstSm
0.028831938893234,0.0981152704624728,0.00634218384976358,bstSm
0.0274032758584948,0.10950722135005,0.00607864815400251,bstSm
0.0268637931935006,0.1032830260934,0.00622506786563232,bstSm
0.0264621437201989,0.117343421483244,0.00599618531767182,bstSm
0.026767422520424,0.102106575499669,0.00596035484761572,bstSm
0.0278082523910597,0.106034051676739,0.00611727812391842,bstSm
0.0252385250139798,0.0903842231441307,0.00557578274757694,bstSm
0.0261812305530119,0.105190166776816,0.00597090300165613,bstSm
0.0245455275568887,0.0937457980214376,0.00606735912837193,bstSm
0.0247612126033346,0.0856026772973335,0.00611106532125208,bstSm
0.0258738993334428,0.0958198922414745,0.00590570475016903,bstSm
0.0294201325386864,0.111498834305931,0.00644988727165209,bstSm
0.0267942957652169,0.0857207754134827,0.00616751532856364,bstSm
0.0279315142030948,0.0853653241823844,0.00643421945296769,bstSm
0.0265949255378716,0.0759016901475331,0.00609658521024772,bstSm
0.0265918650050874,0.167570826764734,0.00513423821393524,bstTree
0.0254471000926055,0.160454500639363,0.00506218907528244,bstTree
0.02592102575128,0.12110020564741,0.00505828213108474,bstTree
0.0250925392329336,0.196400926453126,0.00501197395923145,bstTree
NA,NA,NA,bstTree
0.0260703096410592,0.201223197094507,0.00521222272133291,bstTree
0.0243727054759998,0.145775968968445,0.00486792054861097,bstTree
0.0237833936874997,0.185776220802433,0.00498129188397807,bstTree
0.0250441996069609,0.171994940112249,0.00501584362858835,bstTree
0.0274440956651934,0.120674822532178,0.00525910949293919,bstTree
0.0251275608316072,0.163309661695222,0.00495729631692639,bstTree
0.0272041998226834,0.182938566643659,0.0051495207404293,bstTree
0.0274613491086161,0.141158531769471,0.00525041621854233,bstTree
0.0244023090824927,0.176930363380632,0.00498330400488702,bstTree
0.0239590029912178,0.141544306845094,0.00497926677990557,bstTree
0.0245984426719764,0.11622164353306,0.00524176669910612,bstTree
0.026282407885512,0.165988997473765,0.00509023908055372,bstTree
0.0237580200255065,0.151197099471931,0.0051409460144935,bstTree
0.0262991457491245,0.148221080175706,0.00488143501077486,bstTree
0.0244658553810798,0.181923847168391,0.00516661177842623,bstTree
0.0217151913361076,0.18220865805941,0.00452349966399116,bstTree
0.0236892312859622,0.0951779861861237,0.00511996815281849,bstTree
0.0232762680906981,0.107340219681188,0.00514245485016247,bstTree
0.0285576581784942,0.140822995887017,0.00555996473010659,bstTree
0.0263694394130158,0.118675390689524,0.00513594553697829,bstTree
0.026231471738939,0.0912461350070076,0.00827441443971361,spikeslab
0.028392775286015,0.0833344549153128,0.0077213651784172,spikeslab
0.0235475089436105,0.073233076079646,0.00832530509842808,spikeslab
0.0278340392290037,0.0867776922200125,0.00788543476472251,spikeslab
0.0255638000078031,0.0934449735099879,0.00750474453590183,spikeslab
0.0241374936061236,0.0962832975431212,0.00791960430021126,spikeslab
0.0273491435801657,0.078516458646167,0.00783204004232812,spikeslab
0.0233190649930201,0.0741760855486722,0.00843828073962951,spikeslab
0.0232291645584018,0.0671547963467793,0.0075824548279027,spikeslab
0.0252007943282055,0.0855114017702817,0.00791280875550317,spikeslab
0.0286996191375347,0.0947108786609718,0.00776375541384065,spikeslab
0.0274023827531348,0.0922917954334728,0.00819608783081707,spikeslab
0.0269325723717467,0.0871436673308095,0.00803466883180855,spikeslab
0.0263955226636351,0.0997263290036674,0.00776247112455479,spikeslab
0.0266784221617955,0.093827995908792,0.00765784758601171,spikeslab
0.027775872656804,0.0926986687027893,0.00804569759522053,spikeslab
0.0251263334833792,0.088348598335733,0.00740329370818795,spikeslab
0.0261590460357662,0.0942461297189947,0.00768290954523445,spikeslab
0.0247295308261096,0.0804942665023612,0.00845807232315387,spikeslab
0.0248269787175819,0.0792599256381872,0.00788553345489586,spikeslab
0.0257664032156755,0.0927458662343863,0.00819571019886508,spikeslab
0.0293884752260113,0.0917850992690875,0.00842208428507819,spikeslab
0.0268744380476539,0.0760787814441171,0.00819725808808055,spikeslab
0.027970979437316,0.0790128419107992,0.00854968941637869,spikeslab
0.0266243843103934,0.0719259205965356,0.00814046471802676,spikeslab
0.0287222718686247,0.0943934293137199,0.00776892861032316,blasso
0.0274231031872096,0.0920833155678916,0.0079083829731875,blasso
0.0262284251553352,0.0920094422299395,0.00820137120143705,blasso
0.0283906719014767,0.0842281292802214,0.00760478101845714,blasso
0.0235233297305181,0.0723631470742604,0.00806469596721702,blasso
0.0279043445813025,0.0827469532228119,0.00767234538765988,blasso
0.0255895099136928,0.0921076125364639,0.00737522411849506,blasso
0.0242084196491524,0.0939598324832865,0.00818105218309993,blasso
0.027358148968004,0.078662505304414,0.00763092160050977,blasso
NA,NA,NA,blasso
0.0231838274492775,0.0685977458835838,0.00736044774192354,blasso
0.0252568401716805,0.0840687516810614,0.0076095951878041,blasso
0.0279921629377573,0.0780960447972409,0.00828933540373854,blasso
0.0266325003456804,0.0709036063459929,0.00787228239254725,blasso
0.0269299442410435,0.0878655923544983,0.00805808728411406,blasso
0.0264122426491267,0.0993650572356296,0.00773566066941352,blasso
0.0267026440905752,0.093809167647958,0.00743928266062093,blasso
0.0278065715535539,0.0916069504010386,0.00796567629312246,blasso
0.0251636038155371,0.0856515705209107,0.00734298633037636,blasso
0.0261799881910651,0.0938774195036486,0.00747041010319489,blasso
0.0247534276976434,0.0784772927564246,0.00845281397702021,blasso
0.0248286875274025,0.0789293122638909,0.00766299225071591,blasso
0.0257613280894838,0.0935381019103694,0.00797666133477339,blasso
0.0294837249108863,0.0902762553689223,0.00810033621306632,blasso
0.0269039667926936,0.0739340082168547,0.00804822986587282,blasso
0.0235312049881992,0.0724057756449701,0.00812457314105619,blassoAveraged
0.0241663413135193,0.0940246938954389,0.00777767106892584,blassoAveraged
0.0231857396945126,0.0683039891081819,0.00737179357017744,blassoAveraged
0.027414966835442,0.0919889292031793,0.00804092404894941,blassoAveraged
0.028399570262636,0.0840175833813097,0.00754352649895971,blassoAveraged
0.0255953438194373,0.0918853288013927,0.0073353876054659,blassoAveraged
NA,NA,NA,blassoAveraged
0.0287290495111014,0.094334340671719,0.00761146452078502,blassoAveraged
0.0262176826761082,0.0923061166797416,0.00804120211237116,blassoAveraged
0.0278976893742277,0.0829095527412905,0.00772355249795191,blassoAveraged
0.0273543988402316,0.0785774576076247,0.00766631682347204,blassoAveraged
0.0252119563470138,0.0844208662002148,0.00772947527213348,blassoAveraged
0.0269301617994683,0.0877257570883432,0.00784791667393828,blassoAveraged
0.0277977061048464,0.0921648156045863,0.00781146170451635,blassoAveraged
0.0247373837153184,0.0788149558513171,0.00828568622861043,blassoAveraged
0.0294219468877437,0.0905034700672571,0.00822634758865812,blassoAveraged
0.0266253515181822,0.0712604438580613,0.00793616792531434,blassoAveraged
0.0266943176825148,0.0938633912136431,0.00746848078663443,blassoAveraged
0.0261716342302617,0.0940996050085881,0.00751188125935436,blassoAveraged
0.0257513609865579,0.0938783142635156,0.00797757645209406,blassoAveraged
0.0279848659984822,0.0778988407735283,0.00836351007349881,blassoAveraged
0.0264253162194244,0.0996078540661205,0.00753154092428592,blassoAveraged
0.0251603411824984,0.0861686065822436,0.00725916757270856,blassoAveraged
0.0248283774053342,0.0787146834519659,0.00770812753468889,blassoAveraged
0.0268989964126483,0.074212698732098,0.00808713293581815,blassoAveraged
0.0235335992837106,0.0723928839998215,0.00813856564304258,bridge
0.024156178105686,0.094780553866664,0.00777712887350579,bridge
0.0231817924484768,0.0685979277459123,0.00737963797243808,bridge
0.0274134844861117,0.0920650198549157,0.00804218950704289,bridge
0.0283963211537339,0.0841885466729809,0.00755630166301757,bridge
0.0255897627374196,0.092105017840679,0.00737674402439695,bridge
0.0233144849832119,0.0728988195336133,0.00828660242529061,bridge
NA,NA,NA,bridge
0.0262172663714297,0.0923232818795345,0.0080538561969387,bridge
0.0278811032603999,0.0840555452365558,0.00773630911635279,bridge
0.027357323451523,0.0783603449126001,0.00767245779881358,bridge
0.0252224823547716,0.0836953104135877,0.00775595097974308,bridge
0.0269363307059131,0.0872210987730202,0.00786851921568724,bridge
0.0278035528334646,0.0915984513912334,0.00783872742698401,bridge
0.0247397599499351,0.078807609644297,0.00831367333300815,bridge
0.0294195605140839,0.0904874645322676,0.00825100155610083,bridge
0.0266260556671395,0.0712525391241799,0.00794998374907979,bridge
0.0268135470797038,0.0938049416338212,0.00670320944187574,bridge
0.0261687054732715,0.0942894141029969,0.00752087970683429,bridge
0.0257526139438955,0.0937808881509741,0.00799975924974058,bridge
0.0279849060265944,0.077889672295,0.00837393901116843,bridge
0.0264179430880714,0.100006406066637,0.00755053538947871,bridge
0.0251630783844085,0.0858774481478078,0.0072849640657171,bridge
0.0248291543328835,0.0787233844233954,0.00774457897273902,bridge
0.0268934392595538,0.0745557311566792,0.00807703439190142,bridge
0.0274041940056675,0.0919973044308385,0.00826740262664004,lasso
0.0262559530294811,0.0896265381857759,0.00834256744981431,lasso
0.0283888557644735,0.0832806980905204,0.00778078939265957,lasso
0.0235836476017387,0.07203236037662,0.00841942828356578,lasso
0.0278310894547487,0.0867788074008621,0.00793304259787223,lasso
0.0255694748362049,0.0926868277514611,0.00758982853224413,lasso
0.0241560117413241,0.0951437311871762,0.00802174045952881,lasso
0.0273501923098336,0.0783463267027344,0.00787817949419799,lasso
0.0233311697749801,0.0741976170508891,0.00850567836188223,lasso
0.0232569399694584,0.0661630881297761,0.007670695574012,lasso
0.0252156338966437,0.0846608642087652,0.00797463592285183,lasso
0.0287032705262408,0.0937846670832915,0.00782943607747379,lasso
0.0266391668078439,0.0712561464747724,0.00820704138372949,lasso
0.0269542731231705,0.085526822412524,0.0081375220497753,lasso
0.0263989477745622,0.0988397894522733,0.00782786546385835,lasso
0.0266757569229292,0.0937238863687963,0.00771074512122242,lasso
0.0277860129565301,0.091561802335455,0.00817810079590913,lasso
0.0251209225874539,0.0885991641525804,0.0074710271388161,lasso
0.0261641002057718,0.0936181802660529,0.00773925910520531,lasso
0.0247514875216873,0.0796127828670297,0.00854216337527804,lasso
0.0248139498357721,0.0803477483885924,0.00793377006921117,lasso
0.0257786084281039,0.0920082280437549,0.00827128960056271,lasso
0.0293965683450157,0.0907693558266569,0.00850964083117735,lasso
0.0268792163484473,0.0759450911670177,0.00825286113111725,lasso
0.0279759394442213,0.0787859728236046,0.00859650926471107,lasso
0.0287092196920734,0.0931918865211615,0.00784667695417211,ridge
0.0274033683443695,0.0920433543243014,0.00827232272173879,ridge
0.0262615155841279,0.0892812426745554,0.00836969709997927,ridge
0.0283842024134649,0.0835537355995379,0.00779520535473683,ridge
0.0235912887548343,0.0717218199961827,0.00843692310239195,ridge
0.0278286711600321,0.0869299602014292,0.00793782756164143,ridge
0.0255729102517553,0.092397091787256,0.00760242621591144,ridge
0.0241555738285931,0.095211665239449,0.00803246753064126,ridge
0.0273566558927508,0.0778710726653679,0.00788960371522879,ridge
0.0233279724999371,0.0744221520231411,0.0085089937753987,ridge
0.0232624531767965,0.0660511453407542,0.00769702485669762,ridge
0.0252143249369423,0.0847590790724979,0.00798027713292766,ridge
0.0279710980293169,0.0790909941994565,0.00859886294291399,ridge
0.02663714893009,0.0714251067395662,0.00821652558067844,ridge
0.026953654847569,0.0855681068285668,0.00813925757777739,ridge
0.026397148126358,0.0988768996622149,0.00784034934748693,ridge
0.0266743744051954,0.0937697736838917,0.00772182613079537,ridge
0.0277847206074112,0.0916453983745795,0.0081773532942167,ridge
0.0251231568608422,0.0884188408725514,0.00748058707598478,ridge
0.0261617764528633,0.0937730358299203,0.0077424678905023,ridge
0.0247411144541988,0.0802374531666292,0.00852778504239822,ridge
0.0248135961224645,0.0803884132879749,0.00793834371497769,ridge
0.0257785784964387,0.0920150883497243,0.00827428196197633,ridge
0.0293947557507799,0.0908243900297028,0.00852340966955851,ridge
0.0268801102147026,0.0759222275994714,0.00826313313091785,ridge
0.0355566871773142,0.0898959621021148,0.00551988403361409,brnn
0.0512512961142521,0.0277484063179588,0.00775694160520935,brnn
0.0390073587380727,0.028413747397882,0.00570258014354481,brnn
0.0442911326473171,0.0390231653104772,0.00671672312265644,brnn
0.0401616386843408,0.0769919525388541,0.00611871320421213,brnn
0.0427726935420085,0.0765233667377937,0.00650912561688522,brnn
0.0379526947867634,0.0148538115753675,0.00571826678739297,brnn
0.0373023272941906,0.0488039605758877,0.00562823477643631,brnn
0.0452686978117516,0.0957324019197902,0.00677697873815838,brnn
0.0452134584180961,0.0458178539586431,0.00678727629722011,brnn
0.0474248859733665,0.146810851964425,0.00725808700041647,brnn
0.0425755045325838,0.0324931588721307,0.00651087196338935,brnn
0.0296955519813432,0.0805101785612925,0.00487668520113694,brnn
0.0370495168101553,0.0385561862180024,0.00590762996109574,brnn
0.0402755607801932,0.187707435731216,0.00614461244240932,brnn
0.0493290602536692,0.102513479043102,0.00726855904232204,brnn
0.050246122837282,0.0498636906773274,0.00760732327543353,brnn
0.0424124899811799,0.15307741666,0.00648271769208209,brnn
0.0411345329856966,0.0606270039074951,0.00615004480594826,brnn
0.0401634124559474,0.0517823051203558,0.0060416766191596,brnn
0.0424876866316878,0.0685790777433445,0.0064344812256965,brnn
0.0390342988689894,0.0470039614349223,0.0060987841494501,brnn
0.0360448188193306,0.054640246844253,0.00546349664987211,brnn
0.0422927777229071,0.107373195624209,0.00624161807735246,brnn
0.0349997773035027,0.0723404940989188,0.00529624087860091,brnn
0.0286374071551716,0.0143778897197145,0.00594254449324836,dnn
0.0255596039526108,0.0134771583358633,0.00556384544061179,dnn
0.029408101592277,0.0160033130998156,0.00639522451843272,dnn
0.0268624850551329,0.0152699910063885,0.00567429685651354,dnn
0.0257030923974883,0.0139743677127329,0.0063474522201219,dnn
0.0266964170951653,0.0169633698014999,0.00508430143886623,dnn
0.030699651755987,0.0180764076978102,0.00593848960018462,dnn
0.0299922149147846,0.0145077280006887,0.00657784282115591,dnn
0.0277073325793809,0.0140140767769926,0.00620132455790727,dnn
0.0289393274820172,0.0151238099269363,0.00628068435885602,dnn
0.0277687494328628,0.0159489533297774,0.00615996370567671,dnn
0.0278333893762515,0.0122520170685339,0.00547432114744813,dnn
0.0252865350427288,0.0153913939186974,0.00533643199483475,dnn
0.02399800750626,0.0165261150958972,0.00556829065943719,dnn
0.028563080842373,0.0135585221214737,0.00678671874674569,dnn
0.0282264756482128,0.0141649934260148,0.00593452978561914,dnn
0.027527007391802,0.0138880391991613,0.00538901814216593,dnn
0.0299354969109777,0.0154634719372398,0.00565254785622347,dnn
0.0289606235626795,0.012275100733711,0.00627060174934132,dnn
0.0245314969697198,0.0113913669081521,0.00874049216543056,dnn
0.0239484177748651,0.011954361982404,0.0050498102931573,dnn
0.0263300653371117,0.0148961361515969,0.00828753308703166,dnn
0.0262893166956422,0.0151892800276397,0.00546271975387201,dnn
0.0276499656597484,0.0187606771013404,0.00551569540181461,dnn
0.0275085736655903,0.0130337086625534,0.00539013582612806,dnn
0.0263938515400897,0.0994880684515778,0.00780173420385814,enet
0.026630118185322,0.0717348071529558,0.00818387120123744,enet
0.0266821199245531,0.0939893676185987,0.00758410280152118,enet
0.0251225029702444,0.0885228628982686,0.00745096113221064,enet
0.0269402249815655,0.0865284459191255,0.00808900256202207,enet
0.0277785377818247,0.0922268315350576,0.00812573574203879,enet
0.0261556968315296,0.0943687544549213,0.00770844597972255,enet
0.0286974891782215,0.0943670426575395,0.00780993922956066,enet
0.0262383729773251,0.0907973537592205,0.00831380511747475,enet
0.0278282863079994,0.0870469618653275,0.0079125857101523,enet
0.0247359182121661,0.0803445224588146,0.00849264087177966,enet
0.0248228796025417,0.0796622593745297,0.00791555313892559,enet
0.0283948689317801,0.0833479954700569,0.00768904826252373,enet
0.0255626482165946,0.0932694777043117,0.0075689329758843,enet
0.0273478615872996,0.078544897404121,0.00785886699602631,enet
0.0257702346895952,0.0925242697555144,0.00823560253279361,enet
0.0273993178022757,0.0923925181167088,0.00823508738845781,enet
0.0241464447990412,0.0957535333836821,0.00798337057754456,enet
0.0233252601798895,0.0742666618069722,0.0084783055226793,enet
0.0293883797444753,0.0914333011065594,0.00849071964084088,enet
0.0268737285224453,0.0762038492662563,0.00821853876254656,enet
0.0235580240673648,0.0728625102650766,0.00834581847294124,enet
0.0232366846843282,0.0670091905857244,0.00761407577119744,enet
0.0252080374775454,0.0851074314919597,0.00794730887192328,enet
0.0279697152746176,0.0791393599973286,0.00857751665898626,enet
0.0240857419853836,0.0622478438836595,0.00859781874716611,gamLoess
0.0241113739100996,0.103705677016355,0.0082407463593927,gamLoess
0.0232248598975942,0.0771717034333425,0.00760692019475135,gamLoess
0.0273207937214298,0.0976937025967881,0.00817764263521839,gamLoess
0.0284831473657328,0.0754635509304178,0.00798720330775941,gamLoess
0.0255267469216723,0.096446812469835,0.00777671142310474,gamLoess
0.0233391834541809,0.0841251594039237,0.00847697061139231,gamLoess
0.0287093219455751,0.0889419494140568,0.00810803643492309,gamLoess
0.0261882826958237,0.0967692998948396,0.00832016240108561,gamLoess
0.027584362828383,0.102225156987334,0.00801899592968504,gamLoess
0.0271326136855541,0.0928047144918678,0.00773666499302018,gamLoess
0.0255894102270471,0.0720911156129722,0.00840453269971999,gamLoess
0.0267817030284854,0.0980317177094541,0.00823631399094459,gamLoess
0.0276821044724947,0.0982532759992512,0.00845483811973312,gamLoess
0.0247454439863512,0.0875271975661617,0.00857699741461997,gamLoess
0.0292868053979969,0.0962290236024752,0.0087593726030054,gamLoess
0.0267109847944835,0.0728700651629837,0.00838368626486494,gamLoess
0.0265669264684447,0.0997415912704384,0.00787567345761395,gamLoess
0.0261289262959421,0.0960814065037916,0.00787706402087317,gamLoess
0.0256940794034976,0.0999559249163175,0.00829817891469883,gamLoess
0.0278767029080855,0.0876843661589026,0.00848839870037766,gamLoess
0.0262718034581541,0.105285024417124,0.00782105994965443,gamLoess
0.02508819749753,0.0921351502597944,0.00751079367290988,gamLoess
0.0250298669570315,0.073616985379633,0.00820876133577401,gamLoess
0.0269083444289885,0.0773585657457169,0.00808956695731364,gamLoess
0.0240873991372455,0.061900881734878,0.0037433898884939,svmLinear
0.0251581344550784,0.0717678515232113,0.0039746450195876,svmLinear
0.023742480656667,0.0597215016202982,0.00345695561953683,svmLinear
0.0285401792211301,0.074914096960234,0.00428469164426276,svmLinear
0.0294600412681031,0.0704357019038241,0.00431005836672257,svmLinear
0.0266628430593438,0.0685739757309299,0.00415914303122352,svmLinear
0.0238450168107503,0.0586648608268915,0.00378758521801181,svmLinear
0.0299081987072782,0.0744872526525888,0.00440162521815137,svmLinear
0.0272854573459085,0.0770457322532857,0.00419440558408297,svmLinear
0.0289326897211154,0.0646089547786415,0.00419503111980835,svmLinear
0.0283216721752507,0.060878502183143,0.00405271609035951,svmLinear
0.0261199375545286,0.0711103469705712,0.00391593793748158,svmLinear
0.0279797002819858,0.0711218774608398,0.0040787531382607,svmLinear
0.0289327972677216,0.0715417121289913,0.00424563907382541,svmLinear
0.0254765920336463,0.0718940560918848,0.00399088066521867,svmLinear
0.0306287279148535,0.0726848324884714,0.00463253859392508,svmLinear
0.027415238546778,0.0588031014142898,0.00382170505910953,svmLinear
0.0278036921218959,0.0819980718788383,0.00419059347808124,svmLinear
0.0272840801387933,0.0693841246806005,0.00405460441074389,svmLinear
0.0268246592825622,0.07781155580385,0.00413306030352287,svmLinear
0.0289363669621086,0.0676924144701171,0.00425290154357502,svmLinear
0.0275780669308228,0.0816863302036573,0.00439648961611005,svmLinear
0.0261381158159277,0.0650037326706005,0.00389099691231491,svmLinear
0.0256578648637032,0.0647483075594926,0.00389900038824778,svmLinear
0.0277387183199996,0.0644150657396282,0.00394588582456733,svmLinear
0.0273298437951586,0.120913227369752,0.0049593147464475,gbm
0.0261580243860253,0.115373094888424,0.00506266976268406,gbm
0.0259200381454936,0.119770686045001,0.00468717171228652,gbm
0.025135452503788,0.193521258950954,0.00504791866679916,gbm
0.025829048175287,0.160484474512124,0.00516885008577925,gbm
0.0260918658333909,0.199038018344369,0.00513005631730768,gbm
0.0243925703173285,0.144131186654592,0.00481461675393153,gbm
0.0249640744608051,0.112892951406363,0.0050295545796902,gbm
0.0251492888032973,0.164835995333491,0.00491960434844257,gbm
0.0271679857895515,0.133459772476522,0.00508774065575138,gbm
0.0255473613479627,0.136762326961167,0.00503433561678256,gbm
0.026682173107418,0.217502490308821,0.00529153952092315,gbm
0.0279271662378972,0.112245417837444,0.00529419611010883,gbm
0.0250267657086655,0.136837872902088,0.00518700496706001,gbm
0.0232661777138617,0.182925467237957,0.00451462648292913,gbm
0.0247148384076797,0.110457957739618,0.00529665280769424,gbm
0.0266107857834155,0.143901169105981,0.00517973702200171,gbm
0.0236030744328574,0.147907005811724,0.00518549254096018,gbm
0.0262078594208506,0.154468880729381,0.00484058615749589,gbm
0.0248020976222779,0.16035349074107,0.0051619257910911,gbm
0.0220793056491011,0.157953085428226,0.0046510724864267,gbm
0.0240893447580482,0.0896054912826666,0.00523252402550444,gbm
0.0232392253838711,0.0931267337120856,0.00473239433797104,gbm
0.0285981264435598,0.13837592883998,0.00542422760775021,gbm
0.0261767823416186,0.124066849865356,0.00486645346194408,gbm
0.0263977942361809,0.100177958366854,0.00769935694828892,glmnet
0.025134086286342,0.0879519742771445,0.00733908527814024,glmnet
0.0266230555418106,0.0717370370012323,0.00806631879283932,glmnet
0.0266848112048951,0.0938179539032914,0.0075852668604334,glmnet
0.0261620436265787,0.0943556374280982,0.0076079973536498,glmnet
0.0269372696706858,0.086989840528033,0.00794611269675784,glmnet
0.0277896220242364,0.0920802922522578,0.00796166754124927,glmnet
0.0247257787446643,0.0801671580335738,0.00838324808430342,glmnet
0.0248336265168476,0.078636169812769,0.00783055617320361,glmnet
0.0262303496434031,0.0913174323088048,0.00819344384783103,glmnet
0.0278401691068588,0.0866706380471925,0.00782067406420579,glmnet
0.0273526024381368,0.0784838542478725,0.0077534510840991,glmnet
0.025765196228416,0.0927886594476195,0.00811149058578654,glmnet
0.0274112007608553,0.0919258443929938,0.00812469780033347,glmnet
0.0255724901083757,0.0930196200041267,0.00745146116499384,glmnet
0.0233123890148271,0.0737635194494786,0.00836567309370656,glmnet
0.0293881907085911,0.0924095107002862,0.00832835396678829,glmnet
0.0268743424383167,0.0758614638119316,0.00811792173653211,glmnet
0.0283980537752284,0.0834892825746294,0.00763821381083814,glmnet
0.0232009101732133,0.0680986955193956,0.00749451940406859,glmnet
0.025191606978772,0.0859729545579798,0.00782735795055648,glmnet
0.0279693616839936,0.0789649620550919,0.00844913367484398,glmnet
0.023518605519558,0.0739535299915828,0.00822595397796708,glmnet
0.0241350429970051,0.0963799913261324,0.00783800038868448,glmnet
0.0287114983581439,0.0947464606271119,0.00768599457628402,glmnet
0.0243426749875265,0.231266621210805,0.00391434499531292,glm.nb
0.068354921037815,0.0075393506558109,0.00523116783408802,glm.nb
0.0500851132204681,0.0713361287269511,0.00471143403036867,glm.nb
NA,NA,NA,glm.nb
0.103411911783713,0.0112199388166279,0.00593971142400053,glm.nb
0.0621381708513498,0.0377404441549823,0.00473327399912332,glm.nb
0.0297591905064113,0.054200805509429,0.00385351014291516,glm.nb
0.0304890815160478,0.0695175142134553,0.00400067526844636,glm.nb
0.0226873732184576,0.261153670411903,0.00349351755826713,glm.nb
0.0527165528508144,0.0592922728037905,0.0048516645970228,glm.nb
0.0448308946786437,0.215397909678588,0.00529010342622451,glm.nb
0.130640461827573,0.00614111856179576,0.00685943239704843,glm.nb
0.0413647957043367,0.0629584000868215,0.00412033218117235,glm.nb
NA,NA,NA,glm.nb
0.040987743309262,0.199077340777467,0.00472653164705702,glm.nb
NA,NA,NA,glm.nb
0.0770704615317955,0.0132881678269345,0.0052541951059222,glm.nb
0.0259342613401932,0.283811370154633,0.00407301293662406,glm.nb
0.0590026686200611,0.0447180297027323,0.00572867490862294,glm.nb
0.0794863002972853,0.060343740952825,0.00611619410064712,glm.nb
0.076217034475261,0.0182404727111725,0.00514998309372963,glm.nb
0.0287101583285641,0.173128804306637,0.00436328868866521,glm.nb
0.0374053843120373,0.058805550448301,0.00451734387674084,glm.nb
0.0286333151686078,0.249342259875682,0.00387133228262215,glm.nb
0.0237676893894759,0.260299041514524,0.00344836943841272,glm.nb
0.0235896808076013,0.0720317467048967,0.00847457277242225,glmStepAIC
0.0242043469214328,0.0919755665830476,0.00812290849058662,glmStepAIC
0.0233035836485186,0.063665880680473,0.00772975629196467,glmStepAIC
0.0274041373065722,0.0920307099503441,0.00826105984302833,glmStepAIC
0.0284050216335571,0.0820185544986619,0.00779464463703048,glmStepAIC
0.0255968173481191,0.09047743655054,0.00767734355332676,glmStepAIC
0.0233761042042561,0.0718715809539142,0.00854416577501541,glmStepAIC
0.0287348257007796,0.0910840004392632,0.00787730621330157,glmStepAIC
0.026305187158601,0.086437483254015,0.0084146180239884,glmStepAIC
0.0278471310969249,0.0856295227952743,0.00794438034986311,glmStepAIC
0.0273480567410097,0.0784512836780441,0.00788370567272605,glmStepAIC
0.025247596000958,0.0826218319518349,0.00802506339247532,glmStepAIC
0.0269907575981508,0.0830369886833741,0.00820905295114474,glmStepAIC
0.0278004668896868,0.0904650755581801,0.00820934548243063,glmStepAIC
0.0247641637473812,0.0790435334801316,0.00860009740811023,glmStepAIC
0.0294306522688374,0.088340328456321,0.00853383623379434,glmStepAIC
0.0266860974294766,0.0683629467045373,0.00823797602108062,glmStepAIC
0.0266991233299819,0.0919040786312322,0.00771595323707663,glmStepAIC
0.0261724241749496,0.0929389527559459,0.00774760995322738,glmStepAIC
0.0257967896853684,0.0908809989403161,0.00834614505418247,glmStepAIC
0.0279882529506163,0.0780242217419765,0.00860711940935325,glmStepAIC
NA,NA,NA,glmStepAIC
0.025147199009402,0.0865586976924683,0.00752967858057908,glmStepAIC
0.0248176667762586,0.0800776822789414,0.00792897195607566,glmStepAIC
0.0269062093490136,0.0742937199021567,0.00826635155976005,glmStepAIC
0.0235896808076013,0.0720317467048966,0.00847457277242224,lmStepAIC
0.0242043469214328,0.0919755665830475,0.00812290849058662,lmStepAIC
0.0233035836485186,0.063665880680473,0.00772975629196467,lmStepAIC
0.0274041373065722,0.0920307099503441,0.00826105984302834,lmStepAIC
0.0284050216335571,0.0820185544986619,0.00779464463703048,lmStepAIC
0.0255968173481191,0.09047743655054,0.00767734355332677,lmStepAIC
0.0233761042042561,0.0718715809539142,0.00854416577501541,lmStepAIC
0.0287348257007796,0.0910840004392632,0.00787730621330158,lmStepAIC
0.026305187158601,0.086437483254015,0.0084146180239884,lmStepAIC
0.0278471310969249,0.0856295227952743,0.00794438034986311,lmStepAIC
0.0273480567410097,0.0784512836780441,0.00788370567272605,lmStepAIC
0.025247596000958,0.0826218319518349,0.00802506339247533,lmStepAIC
0.0269907575981508,0.0830369886833741,0.00820905295114473,lmStepAIC
0.0278004668896868,0.0904650755581801,0.00820934548243062,lmStepAIC
0.0247641637473812,0.0790435334801316,0.00860009740811021,lmStepAIC
0.0294306522688374,0.088340328456321,0.00853383623379434,lmStepAIC
0.0266860974294766,0.0683629467045373,0.00823797602108061,lmStepAIC
0.0266991233299819,0.0919040786312322,0.00771595323707663,lmStepAIC
0.0261724241749496,0.0929389527559459,0.00774760995322738,lmStepAIC
0.0257967896853684,0.0908809989403162,0.00834614505418249,lmStepAIC
0.0279882529506163,0.0780242217419766,0.00860711940935324,lmStepAIC
0.0264099287011901,0.0978153600387415,0.00784977169189526,lmStepAIC
0.025147199009402,0.0865586976924683,0.00752967858057907,lmStepAIC
0.0248176667762586,0.0800776822789414,0.00792897195607566,lmStepAIC
0.0269062093490136,0.0742937199021567,0.00826635155976005,lmStepAIC
0.0255690959514974,0.0943235515928443,0.00302962692428539,rlm
0.0283715629721697,0.0879602260324207,0.00324313104771905,rlm
0.0272422752082351,0.0944463663198751,0.00326784480798012,rlm
0.0289516232274364,0.0914748714053156,0.00339818933774186,rlm
0.0242320909173804,0.0765600104288067,0.00272710838793969,rlm
0.0240943736524316,0.0707986342342336,0.00256666572930073,rlm
0.0293321282356905,0.0923243886716041,0.00332915277435016,rlm
0.0244702754451225,0.0764353158943738,0.0027487728638733,rlm
0.0293363969124345,0.0793662518595654,0.0033910964777919,rlm
0.0298202009268742,0.0892834605348411,0.00353389905815371,rlm
0.0302799890972496,0.0938044377152782,0.00357332205359309,rlm
0.0270318851959999,0.0938657893424751,0.00330667826482298,rlm
0.0259090159907416,0.0820825314356631,0.00302934015427444,rlm
0.0260346934350323,0.0845511164320765,0.00298335099228046,rlm
0.0279782405440282,0.102293031115801,0.00358936833963619,rlm
0.0286624148784619,0.0801929455302139,0.00323754357346888,rlm
0.0277057443181421,0.0893826038025833,0.00323276541405478,rlm
0.0281848744931804,0.0938986956842672,0.00338131976292018,rlm
0.0310215861264073,0.0968763415688547,0.00380733970652731,rlm
0.028115506954802,0.0735100629700939,0.00304794784684507,rlm
0.0264881150798396,0.0864382261943379,0.00307229889672553,rlm
0.0265194110002776,0.0850294288288907,0.00302471182645374,rlm
0.0292954058797666,0.0816680677321437,0.00331059787151803,rlm
0.0276543613832882,0.08858802904181,0.0032556154226333,rlm
0.0277779683041459,0.0751200057752383,0.00294653724016578,rlm
0.0273724151447797,0.0105674039724152,0.00591929801850966,icr
0.0294680948844891,0.0111893876530863,0.00579648044056673,icr
0.0242260408005246,0.00885642033905053,0.0057139537666904,icr
0.0289354630902742,0.0125190543717861,0.00587659636721484,icr
0.0266600489941873,0.0140679310208052,0.00562567278508951,icr
0.0252318408667485,0.0123805846237521,0.00577760524614984,icr
0.0283313177100396,0.0109771420341505,0.0056901523409049,icr
0.023916649756463,0.0140477156687235,0.00569009764491996,icr
0.0238443412713701,0.00989457488803105,0.00522885688352546,icr
0.0261950120540714,0.0116015797870484,0.00561901134577009,icr
0.0299180505275228,0.0112082426476319,0.00599229624124055,icr
0.028603673288628,0.0105260021104918,0.00604996403068848,icr
0.028034324713086,0.0108659454328749,0.00589336024851799,icr
0.0275898510476093,0.0134315754428671,0.00586421133785833,icr
0.0278284084072259,0.0125378008225938,0.00568450767273576,icr
0.0289740974018406,0.0121949362697011,0.00593731939449396,icr
0.0261532285612539,0.0123644908560528,0.00547242260941483,icr
0.0273121385381803,0.0114701356926689,0.00568373308040878,icr
0.0256004691125143,0.0102695785301926,0.00587861717531572,icr
0.0257189851015327,0.0111938387204086,0.00556243182554857,icr
0.026888685789049,0.0116173215389951,0.00600996134481473,icr
0.0305996181060221,0.0149759583881885,0.00623315970040511,icr
0.0278160528849416,0.00961080853087931,0.00588642332778957,icr
0.0290023171793302,0.00966846782046793,0.00598748038299191,icr
0.0274722824175085,0.0108837321770437,0.00572084637621927,icr
0.0265218417926167,0.0710130184999797,0.00803680845941967,kernelpls
0.0286451793727873,0.0674615935350267,0.0074210397894092,kernelpls
0.0235388057574763,0.0667663886153826,0.00778278618474387,kernelpls
0.0281167922514395,0.0679680367309187,0.00765769832042413,kernelpls
0.0258709603318206,0.0709875255354679,0.00735128293752363,kernelpls
0.0244990307647766,0.0694255255823041,0.00780108248046071,kernelpls
0.0274701121196478,0.0715578599512704,0.00738207026882549,kernelpls
0.0233835893209076,0.0631582976363582,0.00796811799163993,kernelpls
0.023301640579837,0.0576551363731051,0.00727304369070488,kernelpls
0.0253294485219986,0.075747334934386,0.00759948802752572,kernelpls
0.028938634344983,0.0805523679251596,0.00749866089352086,kernelpls
0.0276629876099249,0.0755551018887275,0.00780494509382339,kernelpls
0.0272051384285996,0.0686194069188968,0.0077218358196376,kernelpls
0.0265790404320935,0.0891137856475798,0.00742512604332543,kernelpls
0.0269084619584049,0.0785612852187002,0.00741035059061702,kernelpls
0.0280737750640746,0.0736193826990886,0.00770996435851968,kernelpls
0.0254362271790174,0.0656677888905675,0.00716893329431781,kernelpls
0.0264607757522118,0.0725777703444888,0.00753449085678997,kernelpls
0.0248440497270096,0.0692521224933738,0.00802430848265059,kernelpls
0.0250394171365851,0.0633100116263698,0.00762460184855054,kernelpls
0.0260427351321251,0.0731197163224366,0.00792299088477487,kernelpls
0.0296819162698975,0.0739617597358404,0.00808226112622538,kernelpls
0.0270920637080544,0.060874743755925,0.00794550938086484,kernelpls
0.0282069803572285,0.0632206974537087,0.00822462863097898,kernelpls
0.0268498072218129,0.055890080933129,0.00776626591411634,kernelpls
0.0270158403720974,0.0361915322963267,0.00715447092336362,pcr
0.0291014798540686,0.0374259457698352,0.00680322177326735,pcr
0.0240181855135916,0.0282126910142641,0.00720622932247659,pcr
0.028602576184931,0.0353032313237804,0.00700224594953533,pcr
0.0263765100805651,0.034420190424427,0.00672249435333639,pcr
0.0249478393816994,0.0345802292666601,0.00702729765328868,pcr
0.0279709948601568,0.0364773111326816,0.00688066020566927,pcr
0.0238031917833596,0.0276716032261601,0.00722358655261061,pcr
0.0236216470838127,0.0291949831731547,0.00649529122228057,pcr
0.0258586903873114,0.0367064238385751,0.00693769935369358,pcr
0.029514609535093,0.040926156085716,0.00692749960130672,pcr
0.028238693740725,0.0364323600062798,0.00711335399733196,pcr
0.0277014199196068,0.0342292134537205,0.00715502468790475,pcr
0.0272084173183857,0.0427509640036407,0.00683391589361304,pcr
0.0275123916519,0.0351834713383073,0.00676528417208778,pcr
0.0286330173100224,0.0359115542834779,0.00701579197886678,pcr
0.0258591396193584,0.0342498259954726,0.00660400015260341,pcr
0.026942279309442,0.0390172705171853,0.00674838553182786,pcr
0.0252497725830911,0.0372259243745139,0.00705426793979427,pcr
0.0255091061164669,0.0279574461600087,0.00704984750156003,pcr
0.0265220610019697,0.0385724041990403,0.00715152540393774,pcr
0.030229870349606,0.0388371925880868,0.00740652744298462,pcr
0.0275451129750545,0.0288737974584464,0.00706618298156036,pcr
0.0286433997794409,0.034311664449314,0.00720632599679898,pcr
0.0272426505844499,0.0278309648029589,0.00710886079396754,pcr
0.0265218417926167,0.0710130184999796,0.00803680845941961,simpls
0.0286451793727873,0.0674615935350266,0.00742103978940926,simpls
0.0235388057574763,0.0667663886153825,0.00778278618474391,simpls
0.0281167922514395,0.0679680367309185,0.00765769832042405,simpls
0.0258709603318206,0.0709875255354683,0.00735128293752364,simpls
0.0244990307647766,0.0694255255823041,0.00780108248046066,simpls
0.0274701121196478,0.0715578599512704,0.00738207026882551,simpls
0.0233835893209076,0.0631582976363585,0.00796811799164003,simpls
0.023301640579837,0.0576551363731052,0.00727304369070484,simpls
0.0253294485219986,0.075747334934386,0.00759948802752566,simpls
0.028938634344983,0.0805523679251598,0.00749866089352083,simpls
0.0276629876099249,0.0755551018887274,0.00780494509382334,simpls
0.0272051384285996,0.0686194069188969,0.00772183581963765,simpls
0.0265790404320935,0.0891137856475798,0.00742512604332543,simpls
0.0269084619584049,0.0785612852187003,0.00741035059061694,simpls
0.0280737750640746,0.0736193826990888,0.00770996435851957,simpls
0.0254362271790174,0.0656677888905674,0.00716893329431776,simpls
0.0264607757522118,0.0725777703444888,0.00753449085678996,simpls
0.0248440497270096,0.0692521224933739,0.00802430848265055,simpls
0.0250394171365851,0.0633100116263698,0.0076246018485505,simpls
0.0260427351321251,0.0731197163224366,0.00792299088477489,simpls
0.0296819162698975,0.0739617597358405,0.00808226112622529,simpls
0.0270920637080544,0.0608747437559252,0.00794550938086485,simpls
0.0282069803572285,0.0632206974537089,0.00822462863097891,simpls
0.0268498072218129,0.0558900809331292,0.00776626591411644,simpls
0.0300677101285075,0.0859273180788862,0.00418879491756933,kknn
0.0320942020693524,0.0346681472073047,0.004509516285797,kknn
0.0309529694004489,0.015306246432859,0.00431151171774401,kknn
0.0282453208749334,0.0986631119081999,0.00417789631359494,kknn
0.0269685541951488,0.0564115051455616,0.00383462332301342,kknn
0.0310667665032245,0.0397138588944079,0.00448540052595703,kknn
0.0301033786851124,0.0226719556711225,0.00431296393099843,kknn
0.0278055426558448,0.0527112483010181,0.00383565489225017,kknn
0.0303841242500046,0.0316046195902234,0.00409197942176288,kknn
0.0274539904119068,0.013430068680294,0.00387287731656254,kknn
0.026159786171574,0.0854272124323457,0.00357122373089839,kknn
0.0299165119368133,0.0114489798110026,0.00441695524587377,kknn
0.0314759475254622,0.0174583263085909,0.00440292502732279,kknn
0.0287552459651332,0.0504671288262516,0.00379444611312012,kknn
0.0314103567774591,0.0240583464906203,0.00420098932569643,kknn
0.0296347821044645,0.0238384273925412,0.00453122702593131,kknn
0.0285468892470507,0.0737294243447692,0.00415056148256757,kknn
0.0313184003450967,0.0334708015946305,0.00427571091358998,kknn
0.0263047970838021,0.0547909683801342,0.00383480978638165,kknn
0.0300749113775299,0.0217264097871969,0.00419324964972602,kknn
0.0254156910197876,0.072032247472373,0.00360805453137326,kknn
0.0287920589073654,0.0272449149684328,0.00414151289103323,kknn
0.0270483056868557,0.0629613557887834,0.00387581700680498,kknn
0.0306989312372168,0.0395308371206476,0.00432703180641812,kknn
0.0286110212622423,0.0472755605965533,0.00373876901929778,kknn
0.0279893000279349,0.148265078690745,0.00401096171115056,knn
0.0274556982225009,0.0954502455724425,0.00414587410382497,knn
0.0262240614518184,0.102925436316375,0.00400540413273738,knn
0.0278689789568835,0.123187304034304,0.00419165429622799,knn
0.0246100243575184,0.0541791349179698,0.00393411984529632,knn
0.0273096996523489,0.128177079463368,0.0039828237332174,knn
0.0266510832428899,0.0404805031728751,0.00402942542254748,knn
0.0237578519506684,0.133822084640375,0.00375958624108779,knn
0.0264439709761913,0.140798916855051,0.00376543575447422,knn
0.0234230673465976,0.0787285441404901,0.00374727818350975,knn
0.0225103984850122,0.126196386722901,0.00349576241447926,knn
0.0249772720233851,0.108475208813374,0.00390121659488335,knn
0.0278930391246388,0.0912360891610473,0.00419321142881315,knn
0.0259134054383906,0.121787647798433,0.00370095815710688,knn
0.0256492144684069,0.176329110748185,0.0038775023283003,knn
0.0259479333596856,0.129893054671609,0.00412562427112696,knn
0.0263518041826392,0.11607961857269,0.00409707986538084,knn
0.0273987796559941,0.118982777663258,0.00391801181400949,knn
0.0256142586430931,0.0627692733807875,0.00380137299878289,knn
0.0264330626064024,0.0777415659571199,0.0038606268840248,knn
0.0246194244552733,0.0917117458903583,0.00372084054905539,knn
0.0252624991401507,0.0700206369623939,0.00401442232569909,knn
0.0254757429468375,0.115889087744796,0.00384719939832146,knn
0.0297161907768842,0.0756163179160945,0.00450668602855603,knn
0.0267070533111285,0.0921274752351987,0.00375497914182361,knn
0.0274041136374942,0.0919998324586825,0.00826988102153954,lars
0.0262585072386843,0.0894583878040335,0.00834738905362357,lars
0.0283883931144258,0.0833007402621441,0.00778405669862432,lars
0.0235853659802027,0.0719743184646419,0.00842504647994032,lars
0.0278311093417985,0.0867709290263431,0.00793528872936679,lars
0.0255704561805666,0.0926047709421261,0.00759298038452652,lars
0.0241574059775672,0.0950552176784539,0.00802725154479315,lars
0.0273507325152812,0.0783032242435817,0.00788132341982311,lars
0.0233320652486887,0.0741793915205552,0.00850893378325106,lars
0.0232603276585392,0.0660226046927501,0.00768013776564346,lars
0.0252165679926715,0.0846024816201311,0.00797725216048872,lars
0.0287041529574626,0.0937025179800822,0.00783165124317278,lars
0.0266403152917455,0.0711911583302809,0.00820882700859723,lars
0.0269556867243502,0.0854278611865081,0.00814234716234253,lars
0.0263996757562526,0.0987516808152047,0.00783147068964582,lars
0.0266755219588151,0.0937335681901187,0.00771202468516879,lars
0.0277865743892244,0.0915147751702469,0.00818103086623891,lars
0.0251210926850112,0.0885817359138786,0.00747353719024363,lars
0.0261645640393203,0.093576503724984,0.0077412656502791,lars
0.0247523878320201,0.0795741889150007,0.00854532356092088,lars
0.0248132761826923,0.0803976233076013,0.0079349214624211,lars
0.0257801189243903,0.0919122967550916,0.00827558492113876,lars
0.029396920122901,0.0907389204905368,0.00851110996694646,lars
0.0268796493901786,0.075924895092937,0.00825521680174397,lars
0.0279760402282616,0.0787827140610811,0.00859812527817543,lars
0.0262290419619652,0.0914081094513217,0.00825713014992937,lars2
0.0284030398959938,0.0838978147846994,0.00753664757927934,lars2
0.0235267536979329,0.0737274574313311,0.00824197050573616,lars2
0.0278262624908096,0.0872714154278062,0.00789502606586491,lars2
0.0255647736879259,0.0934048398641728,0.00749596710062821,lars2
0.0241415183862724,0.0959467574601139,0.00789181982013614,lars2
0.027348556530888,0.0787133955128431,0.00776714821216951,lars2
0.0233173872851637,0.0737727878400399,0.0083910169116972,lars2
0.0232322266706045,0.0670881947680562,0.00759139612371598,lars2
0.0252107330885453,0.0849338264731686,0.00795119691667153,lars2
0.0287023198016831,0.09509653537081,0.00771548442245193,lars2
0.0274037345116622,0.0922965672281846,0.00816475114695145,lars2
0.026932557277783,0.0871085606888963,0.00805134731932642,lars2
0.0264131076448083,0.100082439879192,0.00758352265723875,lars2
0.0266792389655966,0.0940345405935595,0.00761178248566392,lars2
0.0277882997741573,0.0921176220755241,0.00796380311307258,lars2
0.0251248115127262,0.0884378368796026,0.00741022946041067,lars2
0.0261550754005417,0.09490846459081,0.00760331639745275,lars2
0.0247298931565458,0.0801212512175225,0.00840768909180313,lars2
0.0248230015520543,0.0796322241286346,0.00790869779280109,lars2
0.0257691465761488,0.0925832895027967,0.00822425891848419,lars2
0.0294053483728049,0.0916136644486576,0.00825576828879202,lars2
0.0268770818234791,0.0759298803735232,0.00819892105474172,lars2
0.0279721686400274,0.0787697050819857,0.00843316266562174,lars2
0.0266227692268358,0.0717580682842716,0.00806613661980869,lars2
0.0267213563292186,0.0572097012237018,0.0076468498896964,leapBackward
0.0287082457374871,0.0633081236106942,0.00724048579949447,leapBackward
0.0236346864921835,0.0598159741403764,0.00771232681059843,leapBackward
0.0282998031781138,0.0551009410909465,0.00743815789520507,leapBackward
0.0259553806165531,0.0648785075663059,0.00714271996429737,leapBackward
0.024587348955146,0.0630819994554658,0.00763977387101649,leapBackward
0.0275723373002174,0.0642341609638144,0.00721179649642444,leapBackward
0.0234504205476555,0.0572448333851909,0.00775247801943604,leapBackward
0.0233097681080825,0.0558001090730167,0.00705903989983634,leapBackward
0.0253339368091762,0.0767130988662211,0.00709666687157911,leapBackward
0.0291233026718288,0.0676609053137703,0.00722350857901714,leapBackward
0.0277324591622182,0.0717704587464534,0.0074809748933611,leapBackward
0.0271417592819426,0.0735017315798039,0.00750265334311995,leapBackward
0.0266634041249837,0.084658682616989,0.00708121359480065,leapBackward
0.0270566331289123,0.0674860199772166,0.00708144310722446,leapBackward
0.0281802804369858,0.065662331426592,0.00775674092622817,leapBackward
0.0254549982522059,0.0645547643810247,0.00694809157850476,leapBackward
0.0265251304646811,0.068372090162383,0.00729839084421727,leapBackward
0.0248709614190776,0.0675170164417063,0.00790110161738256,leapBackward
0.0251211294296706,0.0573087998131234,0.0074877501000195,leapBackward
0.0261630524747185,0.0647183063743863,0.00766283144893606,leapBackward
0.029809172075882,0.0649455199610905,0.00775301433647197,leapBackward
0.027111381407235,0.059614727567723,0.00769036467810689,leapBackward
0.0282287401310098,0.061723568596146,0.00800264873686739,leapBackward
0.0268389895246762,0.055964058080451,0.00744761849953188,leapBackward
0.0264502664302219,0.0761108537541242,0.00796338011443348,leapForward
0.0286429059362635,0.0680133303177682,0.00737596097085603,leapForward
0.0235604182108905,0.0658979004581602,0.00791248449242427,leapForward
0.0282273081791184,0.060491944238975,0.00723984704982675,leapForward
0.025902833652735,0.0692535817447683,0.00721133548325923,leapForward
0.0244049596119258,0.0762901759243122,0.00780233906371834,leapForward
0.0275273526968049,0.066605531336621,0.00758881061808783,leapForward
0.023368305399936,0.0642252382912251,0.00799479388088237,leapForward
0.0232297520837999,0.0625144287501213,0.00727756329214618,leapForward
0.0256749654944303,0.0503425371136149,0.00704269632431207,leapForward
0.0290376777518262,0.0742072167357465,0.00714558547314573,leapForward
0.0276157557111237,0.0794835799999922,0.00774455069420348,leapForward
0.0271266162899642,0.07434138441234,0.00771168916615028,leapForward
0.0267220666162759,0.0791669437542592,0.00700530287355072,leapForward
0.0268773757480709,0.0819721741770506,0.00731713173844344,leapForward
0.0280308557013287,0.076524512184482,0.00779140942415641,leapForward
0.025514364493465,0.0597788198610017,0.00713411534184471,leapForward
0.0264989529778356,0.0700671999322633,0.00741428505511188,leapForward
0.0250691689198814,0.05335666587211,0.00766532057259401,leapForward
0.025081219871834,0.0602866161731789,0.00756794311748427,leapForward
0.0259476274303781,0.0801516965067911,0.00784544758127722,leapForward
0.0297843530885068,0.0663906068801548,0.00786389439371336,leapForward
0.0270590800502996,0.0632143238135895,0.00802671658782434,leapForward
0.0280950476221575,0.070639284440106,0.00816464446353827,leapForward
0.0271619771056386,0.0342612178946426,0.00711904854306508,leapForward
0.0264502664302219,0.0761108537541242,0.00796338011443347,leapSeq
0.0286429059362635,0.0680133303177682,0.00737596097085603,leapSeq
0.0235604182108905,0.0658979004581602,0.00791248449242427,leapSeq
0.0282273081791184,0.060491944238975,0.00723984704982675,leapSeq
0.0257721597941383,0.0793357010886233,0.00725502863058535,leapSeq
0.0244049596119258,0.0762901759243122,0.00780233906371834,leapSeq
0.0275273526968049,0.0666055313366209,0.00758881061808783,leapSeq
0.023368305399936,0.0642252382912251,0.00799479388088237,leapSeq
0.0232297520837999,0.0625144287501213,0.00727756329214618,leapSeq
0.0252948696789413,0.0784827807170849,0.0075072461249305,leapSeq
0.0290376777518262,0.0742072167357465,0.00714558547314573,leapSeq
0.0276157557111237,0.0794835799999922,0.00774455069420348,leapSeq
0.0271266162899642,0.07434138441234,0.00771168916615027,leapSeq
0.0267220666162759,0.0791669437542592,0.00700530287355072,leapSeq
0.0268773757480709,0.0819721741770506,0.00731713173844344,leapSeq
0.0280308557013287,0.076524512184482,0.00779140942415641,leapSeq
0.0253318338680028,0.0737394141099936,0.00714683049078442,leapSeq
0.0264989529778356,0.0700671999322633,0.00741428505511187,leapSeq
0.025095729980015,0.0519192792529741,0.00772041030604883,leapSeq
0.0250202627968343,0.0644233960605582,0.00738818250986018,leapSeq
0.0259476274303781,0.0801516965067911,0.00784544758127723,leapSeq
0.0297843530885068,0.0663906068801548,0.00786389439371336,leapSeq
0.0270590800502996,0.0632143238135894,0.00802671658782434,leapSeq
0.0280950476221575,0.070639284440106,0.00816464446353827,leapSeq
0.0267559744821922,0.0619789759684679,0.00780245061743205,leapSeq
0.0274845215374277,0.105002954882551,0.00478115976622972,M5
0.0262679325477766,0.0948478172613083,0.00469788781510504,M5
0.0275146425458309,0.163497572531587,0.00581223283157131,M5
0.025599174791933,0.150200029062638,0.00439392074048473,M5
0.0285421510135923,0.103739243470256,0.00519328218653763,M5
0.0295272406345579,0.089638769418109,0.00506381039663411,M5
0.0261435734841909,0.100134056318639,0.00481068120128119,M5
0.0240403966407334,0.132809715587063,0.00417385109949941,M5
0.0256802566517906,0.157868453338707,0.0047398006669237,M5
0.0264957236803093,0.170814699645399,0.00463456559311304,M5
0.026099789993419,0.119453017673155,0.00428510151567385,M5
0.0246578724071531,0.08483950859201,0.00449094583674309,M5
0.0257448135047479,0.139065596488537,0.00474796112969476,M5
0.0277953756153263,0.114762165995571,0.00540378207918417,M5
0.0284585523738115,0.158580689285088,0.00487975409788904,M5
0.0289416613044005,0.12497950261241,0.00503098923433421,M5
0.0259897936215948,0.216916773434737,0.0046608473318604,M5
0.0282837935006838,0.0783345298057006,0.00492983369560321,M5
0.0265749794739228,0.10126914143834,0.00480000674131921,M5
0.0242720638505229,0.172169109649279,0.00432054940497307,M5
0.0262306184070266,0.107914630221579,0.00457114713680139,M5
0.0256196884200447,0.211296212601244,0.0042780432415139,M5
0.0251273717758151,0.174844744294933,0.0040761496194807,M5
0.0275452869099561,0.130172837926964,0.00468568130820808,M5
0.0268265650377859,0.18591549329096,0.00469579653262609,M5
0.0262164780945787,0.188997732080077,0.00768125508609191,mlp
0.0248571417870729,0.186208458513224,0.0079027104848791,mlp
0.0271241948024858,0.164898377570398,0.00770041600551378,mlp
0.0236350216901361,0.189059381529031,0.0105967833276996,mlp
0.0272655394016801,0.150834375818183,0.0101104266060465,mlp
0.0247595248524524,0.148438861093649,0.00761660691558131,mlp
0.022944885466836,0.184219399555211,0.00742195407265794,mlp
0.0268718832491663,0.128635275173456,0.00760984681464205,mlp
0.0223981901949531,0.162668476590389,0.00759613666656293,mlp
0.0219520717244304,0.167836650327984,0.00738720409228228,mlp
0.023982939358603,0.183697090412166,0.00740564946486919,mlp
0.0276610456503061,0.1813844709975,0.00759686190935133,mlp
0.0254876186213581,0.153162270192323,0.00772465399783991,mlp
0.025488642343281,0.196348199986952,0.00702259218352896,mlp
0.0257375533164942,0.172667767803003,0.0075248901613974,mlp
0.0257430754117954,0.157454532930089,0.00791671060360176,mlp
0.0269250552040885,0.166578820243396,0.00758610472956306,mlp
0.0243259753822798,0.148637049346834,0.00705831675768497,mlp
0.0254396342538992,0.151335799610455,0.00713077983823686,mlp
0.02346470462008,0.182408572427413,0.00772709880097635,mlp
0.0238596493789057,0.149977266334653,0.00687794071727255,mlp
0.0245766528319544,0.177214754081944,0.00772350393867229,mlp
0.028699989556163,0.164490435452107,0.00836314527523258,mlp
0.0258889635510574,0.159880945165155,0.00865019313272711,mlp
0.026672996745265,0.176789621867945,0.00766502680078908,mlp
0.0256416981556899,0.213223811889706,0.007106574962604,mlpML
0.0250563142486151,0.171329953310823,0.00807962275535125,mlpML
0.0270104536590847,0.16897939657873,0.00831308155495229,mlpML
0.0219033659439792,0.190557371762778,0.00690550346424682,mlpML
0.0270004720442825,0.155164483284081,0.00731183158318519,mlpML
0.0245875602343024,0.166690134579519,0.00756931855863051,mlpML
0.0226928046261135,0.204052313331008,0.00724396328127498,mlpML
0.0267570513023064,0.120757326103971,0.00784816764475112,mlpML
0.0221119278733579,0.165957057942013,0.00678602329537894,mlpML
0.0222742064768787,0.159324196639033,0.00710170677849791,mlpML
0.0239878849168664,0.180020254550359,0.00815057696859589,mlpML
0.0281718482939461,0.143515931584688,0.00742287379633348,mlpML
0.0259600315584581,0.126907519772579,0.00768841854503843,mlpML
0.0258129386786729,0.168876975830126,0.00739378646596805,mlpML
0.025281909667215,0.181251001103272,0.00808153303864153,mlpML
0.0258994126040782,0.149365850662728,0.0078143246041754,mlpML
0.0273193477899094,0.164206488870265,0.0108548852084756,mlpML
0.0248088117477925,0.111440556827243,0.0074097036415901,mlpML
0.0252115694241369,0.170349369114697,0.00704957869524182,mlpML
0.023680303262989,0.168469732501715,0.00819306587684604,mlpML
0.0239195202802353,0.146881707686885,0.00743123131451226,mlpML
0.0251744486913271,0.179839227462672,0.0104235709216232,mlpML
0.0281602596519671,0.1757612995072,0.00746538508272998,mlpML
0.0255021754959235,0.16758967650797,0.00706446836594847,mlpML
0.0268511905767084,0.18161694790638,0.00858940053604568,mlpML
0.0254063204442318,0.169916963970466,0.00788347214662486,mlpWeightDecay
0.0260234206760068,0.113072590720749,0.0120852105091471,mlpWeightDecay
0.0258715952690212,0.125607557216971,0.00806717486907433,mlpWeightDecay
0.025590113442318,0.168295377890776,0.00747368279936623,mlpWeightDecay
0.0251444467174608,0.16404339917251,0.00750931015153254,mlpWeightDecay
0.0264657113303223,0.121899901549394,0.00768686777432273,mlpWeightDecay
0.0268761507584097,0.152625514974144,0.00803169515017207,mlpWeightDecay
0.0234011107861169,0.200291510992405,0.00820993857809344,mlpWeightDecay
0.0242642635284351,0.154247958824056,0.00848224754327676,mlpWeightDecay
0.0249195039045018,0.181285057965899,0.00790380938325404,mlpWeightDecay
0.0271804900737869,0.130473872263807,0.00884307507157224,mlpWeightDecay
0.0263996802878943,0.151816480102776,0.00704579989453874,mlpWeightDecay
0.0244579843426679,0.201215388510773,0.00878477201629068,mlpWeightDecay
0.0263842764503166,0.17118809908129,0.00721703492448949,mlpWeightDecay
0.0251613270291889,0.132987165632831,0.00744631623258523,mlpWeightDecay
0.0232885777424701,0.167083758039998,0.00954561086213782,mlpWeightDecay
0.0280187312915324,0.176833984120169,0.00782848434317564,mlpWeightDecay
0.025870245297321,0.167451235300243,0.00845240375155502,mlpWeightDecay
0.0269379158799308,0.177332243596762,0.00748880190769763,mlpWeightDecay
0.0221788695833672,0.165434657617404,0.00743963387110583,mlpWeightDecay
0.0242392604440255,0.164521371156436,0.00705950658332574,mlpWeightDecay
0.0264756354127862,0.180349363225893,0.0084503932364153,mlpWeightDecay
0.025502392613226,0.149825916839825,0.0116704400866586,mlpWeightDecay
0.0232055782416773,0.1662657819983,0.00711546580459783,mlpWeightDecay
0.0281023755863649,0.13588356363392,0.00800823700216322,mlpWeightDecay
0.0255852805847512,0.155694333249275,0.00835179783106437,mlpWeightDecayML
0.0249849522609867,0.21765244294754,0.00722220745303612,mlpWeightDecayML
0.0247580477215032,0.124826781582948,0.00814993301156456,mlpWeightDecayML
0.0253000534206046,0.207502146164521,0.00670417779542407,mlpWeightDecayML
0.0253396399668036,0.202375762469928,0.00699066648439841,mlpWeightDecayML
0.0245568743107379,0.201283687494291,0.00753951624130338,mlpWeightDecayML
0.0243090134826978,0.227568958251127,0.00856593815717743,mlpWeightDecayML
0.0261377046626138,0.205649144381222,0.00708331178537259,mlpWeightDecayML
0.0240702469804744,0.185522180307639,0.00916921631610352,mlpWeightDecayML
0.0238586979787089,0.154441643370045,0.00718949972716725,mlpWeightDecayML
0.0282119155969374,0.131491732223961,0.00773106688100956,mlpWeightDecayML
0.0270566104207831,0.155984500102272,0.00930796327034692,mlpWeightDecayML
0.0258028433791588,0.189989276591471,0.00711174013514978,mlpWeightDecayML
0.0242285276740603,0.202618942038169,0.00737469339792025,mlpWeightDecayML
0.0260492127258032,0.195018616364826,0.00734904870053766,mlpWeightDecayML
0.0247349765402829,0.172615799735386,0.00824868599779269,mlpWeightDecayML
0.0222889326549522,0.173335828199079,0.00797527822148137,mlpWeightDecayML
0.0280512939727677,0.176897875162762,0.00750948029784594,mlpWeightDecayML
0.0255787479799004,0.171821164627707,0.00735285638656745,mlpWeightDecayML
0.0270457462011219,0.173835349570738,0.00742574160246143,mlpWeightDecayML
0.0220711036176217,0.157709811857578,0.00702196646935296,mlpWeightDecayML
0.0242779208727227,0.159104369338163,0.0080848548342606,mlpWeightDecayML
0.0266456377355795,0.166793899741912,0.00848158916114313,mlpWeightDecayML
0.0224498513991018,0.161731975700018,0.00789121638661399,mlpWeightDecayML
0.0247304358124418,0.195518843153227,0.0108152023334323,mlpWeightDecayML
0.0347464384825923,0.09510168179265,0.00567934170983302,monmlp
0.041029633929683,0.0391393251948221,0.00635123358083894,monmlp
0.0336113716098145,0.060947797342952,0.00538188364263876,monmlp
0.0370509571347179,0.0805782551249839,0.00594514617004573,monmlp
0.0362072793803121,0.0779931224016585,0.00571729254222273,monmlp
0.0369948988604852,0.096435836174567,0.00572861217710988,monmlp
0.0328902273007998,0.00396556303751608,0.00519447063459992,monmlp
0.0287489314898784,0.0746028966797006,0.00494938490608491,monmlp
0.0272838201121014,0.136386071783729,0.00478756519018215,monmlp
0.0367430586250515,0.0279086941271,0.00579293583632259,monmlp
0.0945176230292773,0.114518378422379,0.00986915505196508,monmlp
0.0341938255749428,0.0782678417609379,0.00586218041096259,monmlp
0.0335675594855577,0.00898389893949684,0.00550730776786722,monmlp
0.0288635645255013,0.133478556461348,0.00512805482658083,monmlp
0.0290764205031675,0.0955479374573224,0.00485965426681662,monmlp
0.0304345261728732,0.125872826040552,0.00527807518728358,monmlp
0.0465187606278139,0.00400964594715572,0.00693021374099275,monmlp
0.0331548814954604,0.0536869794743719,0.00553337748752809,monmlp
0.0373888342214011,0.0449521974341962,0.00625687401596425,monmlp
0.0348922407924981,0.0417865088986612,0.00566945859317373,monmlp
0.0405311468833082,0.0224773591433479,0.00653303053036566,monmlp
0.0363634429135849,0.0690270320847045,0.00637676402578183,monmlp
0.0356045539118171,0.0373998307971749,0.00573317898307934,monmlp
0.0377210809957124,0.0162486057129742,0.0061908326742552,monmlp
0.0287379151642389,0.103156663869954,0.00473379660654607,monmlp
0.0241046158094413,0.0220808818140285,0.00636456496851973,nnls
0.0250473212742061,0.029555651216572,0.00626830511638469,nnls
0.0237250431672189,0.0223787494558283,0.00573368107605471,nnls
0.0283783473984766,0.0296032486127107,0.00656779702477043,nnls
0.0292765483465215,0.0279485928357059,0.00631896361274777,nnls
0.0264656295759257,0.0304329147515315,0.00605100052360071,nnls
0.0238201485273731,0.0259772806303119,0.00631624875002779,nnls
0.0296926087048317,0.0298279848218734,0.00649438213515008,nnls
0.0271513402713661,0.0297305082978159,0.00650013564224541,nnls
0.0287547673487376,0.0273854086211751,0.0064026113188172,nnls
0.0281251527968877,0.0287206285828089,0.00617018526396966,nnls
0.0260228150392017,0.0275833176126925,0.00617509359375146,nnls
0.0278326800882899,0.0283222023266082,0.00641978085154031,nnls
0.0287776555092719,0.0296913928154091,0.00652128103442143,nnls
0.0254216961676867,0.0276565324597345,0.00651135400320631,nnls
0.0303751312287244,0.0323237531469501,0.00678921985344853,nnls
0.0273522859279235,0.0217460114113325,0.00637915949820771,nnls
0.0276203873810843,0.0304079565274277,0.00609466328478068,nnls
0.0270886759763275,0.0315348438918671,0.00610777065523691,nnls
0.0266803711609306,0.0305798615273482,0.00659161789351519,nnls
0.0287902108292983,0.026821480349997,0.00654927567751131,nnls
0.0273547669631868,0.0348947614271855,0.00626641366021952,nnls
0.025980321651272,0.028743072526774,0.0059517460159308,nnls
0.0255778042857174,0.0245203035936071,0.006238323423916,nnls
0.0276273126879401,0.0258965402635091,0.00647480124679574,nnls
0.0222168896299766,0.167526252338901,0.0047076657748538,ranger
0.0247677890690729,0.193126191650983,0.00479609663025574,ranger
0.0243575513818939,0.176276203303369,0.00481578022042168,ranger
0.0230421227086605,0.177108830844225,0.00469639347315148,ranger
0.0248991993028721,0.232115684918887,0.00491716558535104,ranger
0.0215755889668231,0.190699152461864,0.0043520590925637,ranger
0.0242776634712563,0.203208170521998,0.00489945944046401,ranger
0.0254101135948026,0.238910861399183,0.00489630676598711,ranger
0.0221950195744095,0.15403141381497,0.00463324121345408,ranger
0.0269197067374729,0.182512654705651,0.00504841809721861,ranger
0.0260350420576044,0.211445298621611,0.00511863609976738,ranger
0.0235980312971834,0.200033238777136,0.00490036789967303,ranger
0.0263381548316658,0.188971137100768,0.00500117485282626,ranger
0.0268086197098263,0.153666349897692,0.00495252227134013,ranger
0.026381666049572,0.268988968545154,0.00499638606800274,ranger
0.0252357449902576,0.173455212613423,0.00471592881686705,ranger
0.0230485998705983,0.198469017712928,0.00486561680577022,ranger
0.0239191186262691,0.15069856626495,0.0048892275284166,ranger
0.0244674432298477,0.243340422725505,0.00470612984224439,ranger
0.0254265998995769,0.224239163018028,0.00462952269317394,ranger
0.0243086298444223,0.233120399133439,0.00483193245085415,ranger
0.0246868200021706,0.234693300089131,0.00479109567042771,ranger
0.0277037355197148,0.219725529051953,0.00510713277448199,ranger
0.0254095058681191,0.175317625486961,0.00482031969837189,ranger
0.0237370373948826,0.189945757031218,0.00450675716186062,ranger
0.029908198707278,0.0744872526525993,0.00440162521815099,svmLinear2
0.0285401792211295,0.0749140969603646,0.00428469164426278,svmLinear2
0.0272854573459092,0.0770457322532265,0.00419440558408258,svmLinear2
0.0294600412681039,0.0704357019036816,0.00431005836672089,svmLinear2
0.0240873991372456,0.0619008817346448,0.00374338988849512,svmLinear2
0.0289326897211168,0.0646089547784054,0.00419503111980655,svmLinear2
0.0266628430593424,0.068573975731498,0.00415914303122352,svmLinear2
0.0251581344550778,0.071767851523184,0.00397464501958863,svmLinear2
0.0283216721752514,0.0608785021836192,0.0040527160903565,svmLinear2
0.0238450168107515,0.0586648608265891,0.00378758521801222,svmLinear2
0.0237424806566657,0.0597215016206648,0.00345695561953815,svmLinear2
0.0261199375545294,0.0711103469707415,0.00391593793747891,svmLinear2
NA,NA,NA,svmLinear2
0.0274152385467785,0.0588031014142431,0.00382170505910827,svmLinear2
0.0279797002819842,0.0711218774611103,0.0040787531382608,svmLinear2
0.027578066930824,0.0816863302036561,0.00439648961610898,svmLinear2
0.0278036921218953,0.0819980718792244,0.00419059347808062,svmLinear2
0.0289327972677222,0.0715417121289042,0.00424563907382541,svmLinear2
0.0261381158159274,0.0650037326706998,0.00389099691231522,svmLinear2
0.027284080138791,0.0693841246811925,0.00405460441074586,svmLinear2
0.0254765920336463,0.0718940560917372,0.00399088066521976,svmLinear2
0.0256578648637044,0.064748307558851,0.00389900038824919,svmLinear2
0.0268246592825608,0.0778115558042019,0.00413306030352362,svmLinear2
0.0306287279148559,0.0726848324884477,0.00463253859392337,svmLinear2
0.0277387183200004,0.0644150657394848,0.00394588582456658,svmLinear2
0.023665386572384,0.0737543440084552,0.00458352399704649,treebag
0.0243179350119597,0.112828049312381,0.00469366681935855,treebag
0.0215704542977941,0.189764077411826,0.0039861409327411,treebag
0.0267148806311109,0.137909004620521,0.00473037372569184,treebag
0.0278726014849591,0.116457596176738,0.00480370142061232,treebag
0.0243514533746242,0.176472893059317,0.00452968585388532,treebag
0.0226493481200551,0.118726067079686,0.00452454135753823,treebag
0.0275242061700844,0.16978436492894,0.00491736531555271,treebag
0.0248233892390232,0.19005031899996,0.00458931194910588,treebag
0.027448261069879,0.11186636608872,0.00472975575536144,treebag
0.0269113909751323,0.107504970666601,0.00454660129879689,treebag
0.0241848364201326,0.157425985551158,0.00446456269948623,treebag
0.0253953304667065,0.192142189883306,0.0046146092051452,treebag
0.0269889091914142,0.143192930822741,0.0047530306531584,treebag
0.0240823061366898,0.128475741750517,0.0046587575811989,treebag
0.0285905761573644,0.142706211198667,0.00498953751490567,treebag
0.0256246025017947,0.139411041410101,0.00445913987607765,treebag
0.0249495934839237,0.211901234458905,0.00464513433237398,treebag
0.025188017824351,0.163672005904533,0.00453876691877366,treebag
0.024536353495776,0.184456499781526,0.00453262263143768,treebag
0.02769066108954,0.109820839072595,0.00485760024174195,treebag
0.0253722995753858,0.169499409909478,0.0045700474242928,treebag
0.0240168216758608,0.167154986451661,0.00434518971343176,treebag
0.0246247792248115,0.107213509630327,0.00456275612229631,treebag
0.0262015888253078,0.121482325797774,0.00465056786023484,treebag
