fg,fga,fg_percent,x3p,x3pa,x3p_percent,x2p,x2pa,x2p_percent,e_fg_percent,ft,fta,orb,drb,trb,ast,stl,blk,tov,pf,pts,teamChemistry,playoffs
122.91875,248.31875,0.30744375,32.240625,82.746875,0.231121875,88.0125,184.21875,0.292878125,0.26124375,53.14375,72.11562500000001,26.75,100.40937500000001,129.253125,79.19375000000001,32.106249999999996,15.421875,51.18125,63.13125,374.859375,394.0,True
85.22727272727273,194.40454545454543,0.3015613636363636,18.963636363636365,58.0159090909091,0.20746363636363638,64.26363636363637,139.71818181818182,0.28268863636363634,0.2499409090909091,34.43181818181818,49.72954545454545,24.231818181818184,73.74318181818181,100.25681818181819,52.26818181818182,21.422727272727272,8.620454545454546,37.35227272727273,55.01590909090908,267.4522727272727,680.0,True
101.87894736842105,216.79999999999998,0.29337631578947365,18.98157894736842,56.9,0.15921315789473686,81.10526315789474,177.03684210526316,0.2741710526315789,0.23280526315789474,46.58947368421053,66.5842105263158,29.08421052631579,86.67894736842106,117.43947368421053,56.98947368421054,20.83157894736842,12.70526315789474,43.42631578947368,58.53684210526316,301.24210526315784,396.0,True
129.4714285714286,295.34285714285716,0.2875178571428571,29.785714285714285,83.9,0.1976642857142857,93.88571428571429,213.29285714285714,0.26623214285714286,0.23855714285714286,65.66428571428571,92.51785714285714,40.646428571428565,124.04285714285716,168.29285714285714,68.32142857142857,25.135714285714283,21.778571428571432,57.38214285714286,73.50357142857142,419.88571428571424,390.0,True
107.79411764705883,252.8235294117647,0.2888735294117647,19.08529411764706,60.670588235294126,0.22229117647058824,83.25882352941177,199.1764705882353,0.2617294117647059,0.2426,51.84705882352941,73.6735294117647,30.03235294117647,104.59411764705884,136.66176470588235,57.48235294117647,20.241176470588236,18.17058823529412,40.976470588235294,61.73235294117647,323.9852941176471,414.0,False
88.685,200.04,0.29374500000000003,27.244999999999997,74.2625,0.15988750000000002,61.85,129.44,0.27153,0.24507500000000002,42.535,60.864999999999995,26.490000000000002,78.79,107.67750000000001,46.855000000000004,21.085,10.760000000000002,41.525,51.545,300.15749999999997,618.0,True
101.59473684210526,225.02631578947367,0.3150710526315789,23.968421052631577,68.73421052631579,0.1784447368421053,72.53684210526316,152.0578947368421,0.2915315789473684,0.25505263157894736,42.51578947368421,61.731578947368426,27.260526315789477,84.96842105263158,114.28421052631579,60.32631578947369,24.705263157894734,12.623684210526315,39.96315789473684,58.78947368421053,322.9947368421052,454.0,True
92.38000000000001,212.13000000000002,0.3014325,22.25,68.11500000000001,0.1947575,70.38,157.565,0.2712475,0.25359,44.239999999999995,65.91,31.72,83.4925,117.3075,56.519999999999996,22.035,12.530000000000001,42.5375,66.0175,295.71999999999997,608.0,False
93.56,211.35,0.275775,23.075,67.0025,0.1977525,69.31,156.245,0.26934,0.234525,39.644999999999996,61.2875,34.347500000000004,84.0275,120.325,55.339999999999996,21.185,13.507500000000002,38.4325,54.29,287.5075,480.0,False
138.55333333333334,291.28,0.34961000000000003,39.169999999999995,97.62666666666668,0.15464333333333335,96.33333333333333,201.64,0.3212933333333333,0.27532,54.22666666666667,74.5,34.53666666666666,116.98666666666668,154.19,85.9,35.46,21.82,57.626666666666665,76.40666666666667,428.6166666666667,454.0,True
83.85499999999999,199.845,0.29191500000000004,31.1475,89.11749999999999,0.1985125,56.620000000000005,117.14000000000001,0.2852325,0.2492,40.855000000000004,64.8725,27.317500000000003,78.6125,108.59250000000002,45.82000000000001,26.7,12.655000000000001,49.402499999999996,61.61,300.2575,582.0,True
119.6125,256.26875,0.30425625,25.73125,73.0,0.207265625,90.7,204.08749999999998,0.2811,0.2539375,55.18125,77.01875,34.528125,112.9,149.540625,65.99375,22.225,16.459375,50.246875,76.51875,357.4625,312.0,False
98.245,211.705,0.27849,28.0425,74.29249999999999,0.23566250000000002,69.15,141.16,0.25657,0.24963000000000002,43.61,68.1575,25.827499999999997,86.96000000000001,114.255,62.09000000000001,22.375,13.9875,36.072500000000005,59.9825,311.45500000000004,478.0,True
104.69999999999999,235.43333333333334,0.28591666666666665,20.177777777777777,58.5,0.17780555555555555,82.65555555555555,190.5,0.25251666666666667,0.2326222222222222,48.833333333333336,70.38888888888889,32.99166666666667,93.20833333333333,128.67222222222222,56.37222222222223,22.522222222222222,13.358333333333334,43.166666666666664,67.49722222222222,318.97222222222223,372.0,False
100.9421052631579,213.35789473684213,0.31497631578947366,15.394736842105264,45.189473684210526,0.17659736842105264,82.97894736842105,182.09473684210528,0.28679473684210527,0.24849473684210527,47.23157894736842,65.88684210526316,26.389473684210525,88.75,117.5578947368421,52.72631578947369,25.49473684210526,12.510526315789475,42.578947368421055,57.22105263157895,301.5921052631579,536.0,True
82.5,178.1047619047619,0.29834285714285713,16.121428571428574,48.385714285714286,0.22605238095238098,63.37142857142857,135.45238095238096,0.2742047619047619,0.2541285714285714,42.695238095238096,61.60952380952381,21.123809523809523,73.89761904761906,96.68095238095239,46.74761904761905,21.79047619047619,12.290476190476191,40.34761904761905,53.44047619047619,263.0880952380952,608.0,False
94.6,209.325,0.314295,18.0275,49.7175,0.14504750000000002,71.64,161.4,0.289455,0.251635,41.05,57.282500000000006,27.365,77.4975,106.8975,57.79,27.744999999999997,13.4525,49.2,62.86,286.1875,552.0,True
69.444,159.92,0.302286,10.82,32.288000000000004,0.165962,56.528,130.08,0.275628,0.238996,39.032,54.096000000000004,22.9,59.35,83.918,42.148,18.3,9.008000000000001,34.442,43.292,227.69799999999998,748.0,False
88.13809523809525,192.8857142857143,0.2677785714285714,18.357142857142858,49.233333333333334,0.16658809523809526,68.54285714285714,150.45238095238096,0.24358333333333335,0.22505714285714284,36.29523809523809,54.40714285714286,28.469047619047622,80.08333333333333,110.43095238095239,47.07142857142857,17.79047619047619,15.816666666666668,37.67142857142857,50.4952380952381,274.1285714285714,630.0,True
87.58500000000001,197.64000000000001,0.2961,18.5475,53.385000000000005,0.20852750000000003,67.72999999999999,157.305,0.2688575,0.24264000000000002,35.68,50.682500000000005,26.2125,77.0325,105.38500000000002,50.285000000000004,20.369999999999997,13.175,42.417500000000004,61.925,267.69,448.0,False
95.79523809523809,215.3,0.28414285714285714,20.014285714285716,58.714285714285715,0.1902952380952381,70.39047619047619,157.08095238095237,0.2793857142857143,0.23650476190476188,48.57142857142857,66.20714285714286,30.638095238095236,83.5547619047619,116.8404761904762,51.347619047619055,20.247619047619047,14.283333333333333,40.654761904761905,60.74285714285714,291.0404761904762,680.0,False
119.55333333333333,265.70666666666665,0.30282,23.886666666666667,69.05666666666666,0.2112466666666667,95.21333333333334,209.65333333333334,0.2846266666666667,0.24874000000000002,43.39333333333333,65.81,33.59666666666667,108.95666666666668,145.22,65.56,30.106666666666666,13.816666666666666,59.46333333333334,79.33333333333333,369.2566666666666,358.0,False
66.972,161.596,0.265524,18.346,56.706,0.15937600000000002,48.952,115.848,0.25602600000000003,0.22023600000000002,32.044000000000004,51.004000000000005,23.174,62.87,88.00399999999999,40.172000000000004,21.531999999999996,12.384,41.0,48.95399999999999,214.73399999999998,700.0,False
83.51739130434783,187.48695652173913,0.2528739130434782,19.456521739130434,57.17826086956522,0.1716630434782609,59.834782608695654,130.3304347826087,0.24284130434782608,0.20917391304347827,37.10434782608696,50.54782608695652,22.643478260869564,70.78260869565217,95.51739130434783,42.5304347826087,20.86086956521739,11.241304347826087,38.68695652173913,52.62173913043478,260.1586956521739,658.0,False
110.17222222222222,234.2888888888889,0.31005,29.575000000000003,81.80833333333334,0.21593333333333337,79.86666666666667,170.52222222222224,0.2849916666666667,0.2659222222222222,44.08888888888888,58.608333333333334,32.041666666666664,101.2388888888889,135.04166666666666,59.67222222222222,20.544444444444444,14.055555555555555,45.13055555555556,58.34722222222222,333.60833333333335,384.0,True
94.23684210526316,201.3684210526316,0.3176447368421053,16.32894736842105,47.560526315789474,0.15126578947368421,76.9578947368421,167.66315789473683,0.2860026315789474,0.2457842105263158,57.63157894736842,83.08421052631579,27.894736842105264,90.0842105263158,120.38947368421053,50.626315789473686,19.942105263157895,11.278947368421052,50.199999999999996,61.84473684210526,310.37894736842105,406.0,False
116.2764705882353,242.0705882352941,0.3244852941176471,27.094117647058823,73.33235294117648,0.20110882352941176,89.04705882352941,186.81176470588235,0.31112058823529415,0.26331176470588236,49.78823529411765,69.20882352941177,29.697058823529414,102.28529411764707,134.0529411764706,64.61764705882354,26.758823529411764,17.332352941176474,49.26176470588236,64.41470588235293,353.87058823529406,414.0,True
127.02,283.8066666666667,0.34436999999999995,31.279999999999998,88.94,0.20313,90.09333333333333,192.40666666666667,0.31135999999999997,0.26793333333333336,61.9,85.30333333333334,36.18333333333333,105.86,144.89,68.52000000000001,28.166666666666668,15.846666666666666,49.97,79.22,404.65666666666664,338.0,True
78.36363636363636,172.10909090909092,0.2666181818181818,18.202272727272728,52.96363636363637,0.2063681818181818,60.654545454545456,129.37272727272727,0.23471818181818183,0.23191363636363638,36.050000000000004,55.77272727272727,28.94090909090909,75.13409090909092,105.77954545454546,40.58636363636364,19.422727272727272,15.188636363636364,39.320454545454545,49.71136363636364,251.5,682.0,False
105.28888888888889,218.02222222222224,0.2916083333333333,18.525,51.19722222222222,0.15926111111111113,87.03333333333333,185.82222222222222,0.2657555555555555,0.23755,44.611111111111114,63.71111111111111,28.73333333333333,97.60833333333333,128.60555555555555,67.95,23.266666666666666,14.005555555555555,48.486111111111114,66.10277777777779,319.15555555555557,442.0,True
116.8529411764706,240.78823529411767,0.31296176470588233,29.173529411764708,82.86764705882354,0.19439117647058823,83.4470588235294,172.4764705882353,0.31006764705882356,0.2590176470588235,47.08235294117647,63.75882352941177,25.0,100.06176470588237,126.8029411764706,71.46470588235294,30.12941176470588,18.88235294117647,51.65,63.9264705882353,353.75882352941176,496.0,True
123.28125,285.04375,0.291675,27.7,83.653125,0.214996875,86.3875,196.13125,0.259146875,0.24585625,61.25625,80.3125,33.51875,103.23125,140.5375,71.16875,32.69375,13.684375000000001,51.784375000000004,77.325,386.934375,468.0,True
111.10000000000001,228.51764705882354,0.31320882352941176,21.01764705882353,59.326470588235296,0.19409705882352943,93.07058823529412,200.33529411764704,0.2880558823529412,0.25322352941176474,47.358823529411765,67.65,31.720588235294116,94.69705882352942,128.54117647058825,64.14117647058823,25.258823529411764,13.711764705882354,51.07647058823529,60.588235294117645,337.1970588235294,354.0,False
120.1,266.70625,0.30403125,25.340625,68.034375,0.21738125,90.1875,209.6375,0.273290625,0.25126875,49.7125,69.48125,34.6125,115.8125,153.190625,63.40625,20.9625,19.731250000000003,51.325,66.690625,369.978125,498.0,False
108.39411764705882,240.24705882352941,0.30208235294117647,31.58823529411765,87.15588235294118,0.23815294117647062,74.18823529411765,165.94117647058823,0.27969411764705887,0.25843529411764704,56.61764705882353,76.54117647058824,26.29705882352941,105.56764705882354,133.91470588235296,55.358823529411765,24.023529411764706,16.611764705882354,42.870588235294115,61.67941176470588,354.5941176470588,518.0,True
102.58333333333333,230.88333333333333,0.3043583333333333,31.03888888888889,85.49166666666666,0.23024444444444445,68.36666666666666,142.60000000000002,0.2776166666666666,0.2637333333333334,42.68888888888889,61.449999999999996,27.91944444444444,93.53055555555555,124.125,58.2388888888889,21.27777777777778,11.030555555555557,42.974999999999994,63.33888888888888,338.27777777777777,612.0,True
121.05000000000001,259.90000000000003,0.334021875,31.121875000000003,90.184375,0.17046875,83.3,178.5875,0.32260937500000003,0.26905625,58.08125,77.784375,30.365625,108.88125000000001,141.153125,72.43125,24.6375,12.356250000000001,45.890625,68.75,376.275,408.0,True
97.7421052631579,222.17894736842103,0.28259999999999996,22.75,67.20526315789475,0.20978157894736843,73.84210526315789,164.02105263157895,0.2784736842105263,0.2401421052631579,46.91578947368421,66.91052631578947,30.689473684210526,88.91315789473684,121.8,56.194736842105264,21.931578947368422,13.292105263157895,46.002631578947366,63.421052631578945,311.75263157894733,600.0,False
111.82352941176471,242.62352941176474,0.3003176470588235,27.179411764705883,79.3294117647059,0.2252705882352941,82.97647058823529,181.04705882352943,0.26342058823529413,0.2580411764705883,51.37647058823529,84.70588235294117,39.19705882352941,105.91176470588235,147.18529411764706,56.94117647058823,22.841176470588238,12.641176470588235,46.17352941176471,63.955882352941174,350.035294117647,488.0,True
134.525,281.93125,0.358565625,44.8125,107.721875,0.24503125,85.025,174.8625,0.32763125000000004,0.2874,53.79375,74.453125,30.703125,115.30000000000001,148.56875000000002,80.73125,30.25625,20.743750000000002,57.1125,74.734375,421.11562499999997,570.0,True
98.29444444444444,226.63888888888889,0.30893333333333334,33.38055555555556,95.70833333333333,0.16856944444444444,69.71111111111111,142.17777777777778,0.29780555555555555,0.24942777777777778,51.888888888888886,85.80277777777778,32.513888888888886,91.18611111111112,125.90555555555557,54.205555555555556,31.57222222222222,16.144444444444446,52.92777777777778,68.92500000000001,342.6361111111111,516.0,True
113.83749999999999,248.0875,0.33904687499999997,27.4125,78.15625,0.1697875,89.975,192.6,0.316028125,0.2697875,53.575,76.18125,32.90625,108.159375,143.26875,58.993750000000006,32.449999999999996,16.60625,54.56875,72.14687500000001,371.58437499999997,378.0,True
101.88888888888889,231.2444444444444,0.3463833333333333,30.627777777777776,83.48333333333333,0.1940222222222222,72.71111111111111,149.95,0.3217305555555556,0.27775555555555553,50.09444444444445,80.15833333333335,25.83055555555556,97.32222222222224,124.7388888888889,63.12222222222223,27.666666666666668,17.788888888888888,42.34444444444445,66.8138888888889,337.6583333333333,476.0,True
111.06666666666666,280.4933333333333,0.29758,29.516666666666666,92.31,0.15609666666666666,81.25333333333333,191.3,0.2735066666666667,0.23736,58.25333333333333,82.81,34.49666666666667,109.03333333333333,146.6566666666667,53.980000000000004,27.113333333333333,15.26,53.17333333333333,77.51666666666667,376.7966666666667,336.0,False
63.23928571428571,143.91785714285714,0.28590535714285714,12.016071428571431,36.1,0.17693928571428572,49.98571428571429,112.58214285714287,0.2620517857142857,0.235125,34.653571428571425,47.1,18.055357142857144,53.12321428571429,73.09821428571429,34.739285714285714,18.146428571428572,7.858928571428572,27.573214285714283,43.34464285714286,206.2607142857143,1094.0,True
98.8,212.19473684210524,0.32516052631578946,16.46315789473684,48.886842105263156,0.1628342105263158,77.90526315789474,163.77894736842103,0.2991473684210526,0.2612210526315789,42.142105263157895,63.38157894736842,25.663157894736845,93.76578947368421,121.47894736842105,50.021052631578954,19.810526315789474,19.557894736842105,43.205263157894734,54.56842105263158,305.4394736842105,644.0,True
120.75882352941177,248.67058823529416,0.29668235294117645,18.63529411764706,53.438235294117646,0.2160823529411765,98.17647058823529,211.7705882352941,0.25754411764705887,0.24589411764705882,52.758823529411764,75.62647058823529,31.80588235294118,94.41176470588235,128.88235294117646,67.52941176470588,27.7235294117647,18.294117647058822,53.32647058823529,68.85000000000001,341.2264705882353,472.0,False
109.43125,228.4,0.317615625,18.168750000000003,53.496875,0.183996875,94.025,195.31875,0.300246875,0.25485625,66.125,89.578125,32.306250000000006,105.90937500000001,140.0,70.35625,28.54375,16.71875,55.125,74.484375,370.56875,442.0,False
96.28571428571429,200.84285714285713,0.2793214285714286,20.96666666666667,58.0,0.20570952380952384,71.85714285714286,158.9714285714286,0.25975714285714285,0.23819047619047617,43.63333333333333,60.36666666666667,23.21666666666667,83.34285714285714,108.11428571428571,54.98571428571429,21.461904761904762,11.247619047619049,37.92857142857143,56.63809523809524,286.8285714285714,640.0,False
110.175,250.11875,0.320653125,24.462500000000002,70.396875,0.22031250000000002,83.4625,186.275,0.268365625,0.27874375,50.13125,68.090625,32.503125,103.434375,138.3625,60.525000000000006,20.8375,19.659375,48.1,69.4375,357.828125,310.0,False
119.81176470588235,251.25294117647059,0.33140294117647057,26.41470588235294,75.82058823529412,0.2178852941176471,91.74117647058824,185.45882352941177,0.29062058823529413,0.2748294117647059,60.247058823529414,81.39411764705882,39.044117647058826,105.02941176470588,147.17058823529413,69.63529411764706,25.352941176470587,18.235294117647058,55.114705882352936,69.10000000000001,378.9264705882353,548.0,True
115.58823529411765,233.33529411764704,0.3006794117647059,23.08823529411765,65.79705882352941,0.20581470588235296,93.65882352941176,199.2294117647059,0.2840117647058824,0.24525882352941178,43.09411764705882,62.779411764705884,30.779411764705884,102.19117647058823,135.3735294117647,64.95294117647059,27.070588235294117,16.67058823529412,48.76764705882353,70.24411764705883,348.44117647058823,456.0,False
101.58888888888889,228.95555555555555,0.29383333333333334,29.502777777777776,86.15,0.21092777777777777,76.13333333333333,167.91666666666666,0.2741611111111111,0.2417888888888889,41.27222222222222,66.6,26.34444444444445,88.99444444444445,117.39722222222223,60.27777777777778,26.166666666666668,18.24722222222222,53.27777777777778,68.38611111111112,314.6972222222222,462.0,False
78.50869565217391,182.44347826086957,0.27582391304347825,20.293478260869566,58.53260869565217,0.1811695652173913,55.89565217391304,127.42608695652174,0.26333913043478263,0.23042173913043476,37.69130434782608,54.584782608695654,24.830434782608698,75.64347826086957,102.24782608695654,40.74782608695652,19.217391304347824,8.76304347826087,44.62826086956522,55.86521739130435,255.09782608695653,704.0,False
115.13125,280.025,0.29709375,36.4375,97.925,0.1879875,75.3375,170.03125,0.27928437500000003,0.244925,55.2875,77.26875,34.121875,104.20937500000001,141.365625,61.237500000000004,24.0625,14.86875,54.2375,76.5875,383.43125,460.0,True
139.34,274.5466666666667,0.31653,26.863333333333337,75.3,0.20894333333333334,107.82666666666667,227.85333333333335,0.28841,0.26031333333333334,65.17333333333333,97.96666666666667,37.48666666666667,119.88333333333335,159.67666666666668,87.86,33.973333333333336,17.45,63.626666666666665,79.16666666666667,415.1766666666666,312.0,False
113.9235294117647,236.88235294117646,0.3286676470588235,22.50294117647059,60.06470588235294,0.2255205882352941,88.98823529411764,182.58235294117648,0.3054088235294118,0.27156470588235293,45.05294117647059,62.06764705882353,26.573529411764707,100.3294117647059,129.21176470588236,65.27058823529411,27.594117647058823,17.811764705882354,45.23529411764706,57.67352941176471,354.50294117647053,460.0,True
112.06875,253.91875,0.317803125,27.51875,74.4875,0.20828437500000002,79.425,177.06875,0.29303125,0.255925,65.2625,89.90625,33.653125,109.621875,145.384375,55.35,27.631249999999998,19.4375,47.109375,70.8875,373.890625,486.0,True
101.32941176470588,230.9764705882353,0.287814705882353,27.13823529411765,76.35588235294118,0.1764823529411765,73.61176470588236,158.9235294117647,0.27201176470588234,0.23700588235294115,46.42941176470588,69.73235294117647,32.008823529411764,97.17647058823529,131.44411764705885,49.45294117647059,25.38235294117647,17.326470588235296,50.55294117647059,66.82058823529412,334.30294117647054,520.0,False
103.94210526315788,224.64736842105265,0.31809473684210526,23.957894736842103,66.83684210526316,0.18912105263157897,76.38947368421053,163.38947368421054,0.2979263157894737,0.2595421052631579,44.963157894736845,64.60526315789474,23.663157894736845,87.00526315789475,112.4342105263158,65.1263157894737,25.905263157894737,10.926315789473685,44.13157894736842,61.836842105263166,320.57105263157894,554.0,False
94.14500000000001,204.88000000000002,0.29970749999999996,22.9575,67.2325,0.1920375,68.97,144.505,0.28617250000000005,0.248205,44.35,67.1725,26.8975,88.22749999999999,116.68499999999999,54.660000000000004,22.96,12.9625,46.17,51.57000000000001,300.72999999999996,606.0,True
130.02666666666667,281.67333333333335,0.3277,39.79666666666667,110.99333333333334,0.25917666666666667,83.93333333333334,174.22666666666666,0.31411333333333336,0.28049999999999997,67.01333333333334,84.84333333333333,28.363333333333333,110.70333333333335,141.90666666666667,73.96000000000001,28.36,15.063333333333334,52.02333333333333,78.27,422.0566666666666,446.0,True
87.4,191.1952380952381,0.2926285714285714,24.566666666666666,72.32380952380952,0.22936904761904767,60.266666666666666,125.25238095238095,0.29227380952380955,0.25294285714285714,46.0,62.55476190476191,20.13095238095238,81.23333333333333,103.10476190476192,46.30952380952381,19.52857142857143,12.126190476190477,46.476190476190474,56.19761904761905,292.8119047619047,558.0,False
101.67777777777778,228.89999999999998,0.2794833333333333,21.85,64.21666666666667,0.20447222222222225,78.81111111111112,173.2,0.260375,0.23684444444444447,45.111111111111114,62.52777777777778,34.12777777777777,94.35833333333333,131.04444444444445,58.766666666666666,25.238888888888887,14.261111111111113,43.888888888888886,55.775000000000006,331.525,466.0,True
101.84210526315789,228.80526315789476,0.31073684210526314,26.45,74.93947368421053,0.16624736842105264,67.8736842105263,151.1315789473684,0.2881236842105263,0.2475105263157895,52.08421052631579,68.30263157894737,22.568421052631578,90.99736842105263,115.38684210526316,56.71052631578947,20.68421052631579,13.347368421052632,35.97894736842105,50.65263157894737,323.0210526315789,590.0,False
91.6952380952381,199.06190476190477,0.2986714285714286,31.08571428571429,81.12619047619049,0.20818809523809523,57.34285714285714,117.07142857142857,0.28600714285714285,0.2601333333333333,40.83809523809524,58.345238095238095,22.804761904761904,82.02857142857142,106.32142857142857,47.42380952380953,17.82857142857143,10.035714285714286,37.857142857142854,48.81428571428571,306.74523809523805,664.0,True
81.80416666666666,175.1208333333333,0.288475,22.875,64.10416666666667,0.190375,53.291666666666664,114.92916666666666,0.2739854166666667,0.23992083333333333,31.837500000000002,42.59375,17.389583333333334,67.64791666666666,86.17916666666667,46.229166666666664,17.633333333333333,8.966666666666667,28.45,46.03333333333333,240.04166666666666,810.0,False
102.41052631578947,222.68421052631578,0.36216315789473685,29.810526315789474,80.97894736842105,0.19861842105263158,74.33684210526316,151.16842105263157,0.33033421052631584,0.29134736842105263,46.300000000000004,66.18947368421053,30.85263157894737,92.21842105263158,125.3842105263158,59.300000000000004,20.38421052631579,11.131578947368421,47.15526315789474,57.347368421052636,340.90526315789475,726.0,False
133.97333333333333,280.56666666666666,0.29688,26.716666666666665,80.90666666666667,0.18768666666666667,105.92,224.83333333333334,0.28169000000000005,0.24136,45.94666666666667,71.38666666666667,40.32666666666667,124.17333333333335,166.37,69.54666666666667,25.92,13.966666666666667,46.25333333333333,68.79666666666667,393.5433333333333,448.0,False
129.40588235294118,259.4823529411765,0.36067941176470586,37.85588235294117,97.85000000000001,0.17431470588235295,87.70588235294117,169.17058823529413,0.34180294117647064,0.28254705882352943,52.05882352941177,71.85000000000001,28.605882352941176,106.82058823529412,137.45000000000002,76.25294117647059,31.18235294117647,21.564705882352943,52.35,65.91470588235293,398.3588235294117,622.0,True
113.47222222222223,239.36666666666667,0.325275,42.541666666666664,119.17777777777779,0.20542222222222226,73.52222222222223,138.32222222222222,0.30318888888888895,0.2750666666666667,62.044444444444444,83.92777777777778,30.31666666666667,92.70833333333333,125.44722222222224,70.20555555555556,25.744444444444444,12.875,49.08611111111111,63.59166666666667,374.6972222222222,542.0,True
118.1125,244.325,0.3034875,27.796875,73.6875,0.20012500000000003,91.375,192.0125,0.278334375,0.24639375,58.775000000000006,76.065625,28.165625,103.471875,133.7125,69.30625,28.69375,17.271875,49.85,69.5125,383.053125,364.0,True
130.52666666666667,278.94,0.30513999999999997,36.50333333333333,96.87333333333332,0.21173666666666666,91.84,185.28666666666666,0.29146333333333335,0.25709333333333334,62.89333333333333,93.47666666666667,32.32666666666667,121.34666666666666,155.49000000000004,72.90666666666668,28.813333333333333,15.66,51.82,75.59333333333333,421.31999999999994,344.0,True
103.27222222222223,241.4777777777778,0.31045,28.394444444444442,81.35,0.19683333333333333,75.80000000000001,163.92777777777778,0.2879222222222222,0.2558666666666667,43.75555555555556,63.65277777777778,31.474999999999998,89.19722222222222,123.00833333333334,50.91111111111112,25.694444444444443,11.580555555555556,49.886111111111106,65.73055555555555,337.075,482.0,False
108.06470588235295,236.1529411764706,0.28916470588235293,27.352941176470587,77.60588235294118,0.19219411764705882,76.62352941176471,170.95294117647057,0.2742970588235294,0.24178823529411766,56.78235294117647,75.8970588235294,28.038235294117644,94.58823529411765,126.01176470588237,59.5529411764706,26.876470588235293,13.011764705882353,44.567647058823525,73.73529411764706,345.3205882352941,508.0,True
136.12666666666667,294.2,0.30995,36.32666666666667,99.11333333333333,0.2159066666666667,97.0,208.29333333333335,0.28922333333333333,0.25686666666666663,55.233333333333334,81.91000000000001,36.57,116.97000000000001,156.31,67.50666666666667,27.353333333333335,20.92,51.940000000000005,77.69333333333334,403.0833333333333,526.0,False
94.06842105263158,195.31052631578947,0.2871236842105263,24.25,64.92368421052632,0.18139473684210528,72.92631578947369,147.18421052631578,0.2967947368421053,0.23681578947368423,41.73684210526316,60.97105263157895,23.83421052631579,83.7078947368421,108.95526315789475,52.36842105263158,23.599999999999998,14.802631578947368,43.28157894736842,61.215789473684204,314.61842105263156,656.0,True
117.325,239.44375,0.3066,22.509375,64.346875,0.17651875,94.575,191.54375,0.291459375,0.24661875,60.28125,80.965625,36.15625,102.60000000000001,141.325,75.35625,28.76875,15.200000000000001,50.84375,71.459375,382.93125,422.0,False
79.18076923076923,160.5653846153846,0.31227692307692306,18.409615384615385,52.236538461538466,0.22531346153846155,59.276923076923076,126.02307692307691,0.304275,0.2704615384615385,34.434615384615384,49.986538461538466,16.917307692307695,72.68846153846154,90.88461538461539,44.00769230769231,17.01153846153846,11.871153846153845,29.157692307692308,39.85576923076923,234.2423076923077,890.0,False
119.65,267.4625,0.315478125,28.621875,82.00312500000001,0.194703125,90.10000000000001,196.95625,0.29075,0.2562125,51.6875,70.534375,39.778125,107.525,149.68125,62.35,24.8625,19.084375,50.609375,73.328125,379.778125,340.0,False
109.8736842105263,234.12105263157895,0.30998684210526317,23.926315789473687,72.53684210526316,0.22133157894736843,82.08421052631579,174.20526315789473,0.3096578947368421,0.25373684210526315,57.126315789473686,78.4342105263158,33.38947368421052,91.26842105263158,127.05263157894737,59.026315789473685,23.599999999999998,13.850000000000001,46.94736842105263,62.68157894736842,329.6421052631579,576.0,True
100.57368421052631,219.7526315789474,0.2680105263157895,23.473684210526315,71.31315789473685,0.1977078947368421,75.3578947368421,164.06315789473683,0.25352368421052635,0.2285578947368421,42.194736842105264,61.28684210526316,26.123684210526317,93.23684210526316,121.35000000000001,57.63157894736842,21.30526315789474,14.123684210526317,41.29736842105263,58.0,310.4605263157895,516.0,False
89.26190476190476,187.34761904761905,0.32867142857142856,23.985714285714284,70.37380952380953,0.20222380952380956,65.87619047619049,137.9142857142857,0.31943333333333335,0.2664285714285714,38.957142857142856,56.83809523809524,23.892857142857142,80.28333333333333,105.77619047619048,55.76190476190476,22.833333333333332,13.647619047619049,46.74047619047619,59.80714285714286,282.7642857142857,640.0,False
106.53888888888889,247.48333333333332,0.29039166666666666,21.941666666666666,65.88611111111112,0.19542500000000002,79.73333333333333,175.59444444444443,0.28217222222222227,0.24234999999999995,57.44444444444444,78.77222222222223,33.03055555555556,96.32499999999999,131.61111111111111,53.02777777777778,25.799999999999997,14.733333333333333,51.391666666666666,78.77777777777777,348.5611111111111,560.0,False
127.24000000000001,293.38666666666666,0.31076000000000004,37.68333333333333,99.11,0.22445,84.81333333333333,185.73333333333332,0.2867366666666667,0.2629666666666667,63.5,85.57333333333334,32.03666666666667,111.87666666666668,146.73333333333332,62.52,26.166666666666668,17.153333333333332,53.773333333333326,79.33,420.52000000000004,548.0,True
101.97894736842105,204.7526315789474,0.3163578947368421,24.094736842105263,63.65526315789474,0.24395000000000003,77.09473684210526,164.0842105263158,0.28082368421052634,0.26904736842105265,50.29473684210526,70.26315789473684,23.792105263157897,90.33947368421053,115.71578947368421,55.05263157894737,22.689473684210526,11.810526315789476,46.09473684210527,62.01315789473684,315.07105263157894,510.0,False
118.775,251.975,0.328734375,30.090625,78.19375,0.23216875,86.9,182.175,0.2990875,0.27521875,50.89375,70.790625,31.265625,109.05312500000001,142.625,67.725,28.349999999999998,19.409375,49.4375,64.796875,382.825,482.0,True
114.86470588235295,253.74705882352944,0.3186441176470588,26.93529411764706,74.41470588235293,0.2289529411764706,81.15294117647058,175.16470588235293,0.2987882352941177,0.2637705882352941,58.44705882352941,77.65588235294118,31.8264705882353,98.3294117647059,132.56470588235294,56.09411764705882,27.958823529411763,15.855882352941178,42.77058823529412,70.36470588235295,367.6735294117647,650.0,True
117.07333333333332,253.32000000000002,0.32327999999999996,34.31333333333334,91.73,0.22324000000000002,84.24000000000001,170.04666666666665,0.30419,0.2687666666666667,56.84666666666667,82.98,33.20333333333333,114.77333333333334,149.95,58.28,25.526666666666664,19.45,51.916666666666664,70.87666666666668,391.27666666666664,456.0,True
112.92777777777778,241.33333333333334,0.2845583333333333,27.447222222222223,73.85833333333333,0.18076111111111112,83.27777777777777,174.67222222222222,0.2682527777777778,0.2341888888888889,49.083333333333336,66.35555555555555,28.447222222222226,93.9888888888889,124.49444444444445,68.86111111111113,26.91111111111111,12.225000000000001,45.71944444444445,67.88888888888889,354.2027777777778,534.0,True
86.35454545454546,196.25,0.30012272727272726,25.895454545454548,71.78181818181818,0.244625,57.190909090909095,123.5909090909091,0.2758090909090909,0.26683181818181817,36.40909090909091,48.98863636363637,20.581818181818182,75.97727272727273,98.22727272727273,52.73636363636364,20.12272727272727,10.206818181818182,41.61363636363637,50.475,274.5,580.0,False
100.45,211.95999999999998,0.28259249999999997,28.4125,75.5025,0.19742,65.99,143.20999999999998,0.28753,0.240755,41.18,56.120000000000005,23.9875,91.87750000000001,117.70750000000001,51.785000000000004,21.11,12.562500000000002,41.36,57.192499999999995,305.14,648.0,True
83.58636363636363,195.5,0.28552500000000003,30.572727272727274,85.43181818181819,0.22873181818181818,52.8,111.0090909090909,0.26419545454545457,0.24520454545454545,38.804545454545455,53.88863636363636,21.16818181818182,77.18863636363636,100.10909090909091,51.186363636363645,16.14090909090909,11.372727272727273,39.28409090909091,52.79318181818182,282.36818181818177,648.0,False
92.9047619047619,214.73333333333332,0.27085714285714285,27.642857142857142,77.8047619047619,0.20909999999999998,62.599999999999994,140.03333333333333,0.2604047619047619,0.23231904761904762,33.19047619047619,47.49047619047619,22.04047619047619,81.17619047619048,105.37142857142858,55.13333333333333,21.15714285714286,8.450000000000001,39.26904761904762,50.91428571428572,285.24285714285713,642.0,False
115.37647058823529,257.9823529411765,0.3150970588235294,31.126470588235293,84.9764705882353,0.22688529411764707,80.18823529411765,176.06470588235294,0.2712529411764706,0.2640176470588235,61.63529411764706,89.4470588235294,30.023529411764706,108.36176470588236,140.6264705882353,59.30000000000001,22.788235294117644,14.461764705882354,45.47352941176471,57.86470588235294,371.3441176470588,540.0,False
89.71363636363635,180.1681818181818,0.3247022727272727,26.779545454545453,71.83636363636364,0.20310227272727274,62.32727272727273,120.59545454545454,0.3123909090909091,0.2733590909090909,39.09090909090909,56.15681818181818,19.904545454545456,81.14090909090909,102.38409090909092,42.195454545454545,17.599999999999998,8.990909090909092,37.70909090909091,48.17045454545455,291.22727272727275,792.0,True
86.8,180.09565217391304,0.29088260869565213,24.245652173913044,67.67391304347827,0.17376521739130438,57.800000000000004,121.38695652173914,0.2785630434782609,0.23996521739130433,31.895652173913046,45.26739130434783,18.452173913043477,77.55,97.2108695652174,48.513043478260876,17.104347826086954,9.445652173913043,30.87173913043478,48.547826086956526,260.1782608695652,776.0,False
113.48333333333333,239.11111111111111,0.30563333333333337,32.474999999999994,87.72777777777779,0.19936111111111113,76.91111111111111,157.36111111111111,0.3027722222222222,0.2575277777777778,48.583333333333336,68.12222222222222,30.033333333333335,96.90277777777777,129.43055555555554,59.26666666666668,23.733333333333334,14.549999999999999,49.55833333333333,59.513888888888886,356.17499999999995,736.0,False
88.84545454545456,192.2590909090909,0.3084613636363636,24.91590909090909,66.98409090909091,0.18086818181818182,61.82727272727273,134.49090909090907,0.27734318181818185,0.25612727272727276,33.095454545454544,49.22727272727273,24.718181818181822,81.20227272727273,107.31363636363636,47.53181818181818,19.44545454545454,9.768181818181818,35.66818181818182,47.49318181818182,274.8159090909091,758.0,False
121.02352941176471,245.91176470588235,0.3568235294117647,36.82647058823529,93.30882352941177,0.1731735294117647,85.95294117647059,162.52941176470588,0.33463235294117644,0.2838823529411765,49.09411764705882,64.18529411764706,25.93823529411765,104.03823529411765,131.6058823529412,70.9764705882353,26.16470588235294,23.979411764705883,53.982352941176465,66.79705882352941,389.1411764705882,618.0,True
77.59166666666667,174.5,0.27863125,34.52916666666667,95.23125,0.15127708333333334,46.916666666666664,89.27083333333333,0.3056104166666667,0.23622500000000002,38.208333333333336,54.229166666666664,20.224999999999998,74.30416666666666,95.67083333333333,40.9625,19.683333333333334,11.089583333333335,34.67916666666667,46.862500000000004,271.15624999999994,786.0,True
106.77894736842104,222.56315789473683,0.30779210526315787,24.623684210526317,66.68157894736842,0.18596578947368422,79.0421052631579,166.23684210526315,0.28488157894736843,0.24960526315789472,39.51578947368421,54.86842105263158,25.531578947368423,88.56842105263159,116.15263157894738,55.27368421052632,26.26842105263158,12.115789473684211,42.09473684210526,57.25526315789473,323.4131578947368,522.0,True
93.23809523809524,199.1095238095238,0.3368,24.86904761904762,70.04761904761905,0.20902142857142858,70.94285714285715,141.02380952380952,0.3158785714285714,0.2767047619047619,42.76190476190476,64.99761904761905,26.554761904761904,87.18333333333334,115.05952380952381,46.019047619047626,20.45238095238095,11.5,42.195238095238096,54.25952380952381,300.1642857142857,620.0,False
84.62916666666666,172.16250000000002,0.3119,20.620833333333334,59.333333333333336,0.1728166666666667,63.625,127.89583333333333,0.32573958333333336,0.2581333333333333,34.425000000000004,53.52916666666667,22.816666666666666,77.36458333333334,101.90625,45.137499999999996,18.279166666666665,10.8375,39.625,51.6625,260.95416666666665,764.0,False
78.70416666666667,168.49583333333334,0.30233125,18.95,53.49791666666667,0.19223541666666666,55.300000000000004,120.94583333333333,0.2820958333333333,0.25125416666666667,37.137499999999996,49.48541666666667,18.645833333333332,67.28333333333335,87.77083333333333,43.150000000000006,18.070833333333333,10.827083333333334,36.44583333333333,54.354166666666664,242.74166666666665,800.0,False
103.94736842105263,222.93157894736842,0.28795263157894735,30.71578947368421,84.88421052631578,0.2304578947368421,71.13684210526316,148.2842105263158,0.28641052631578945,0.2484578947368421,39.72631578947369,56.61052631578947,24.984210526315792,94.26842105263158,121.09736842105265,52.01052631578948,22.14736842105263,14.915789473684208,43.96315789473684,60.09473684210526,318.12631578947367,812.0,True
83.31666666666666,167.9625,0.30896874999999996,19.289583333333333,53.97291666666666,0.19612291666666667,61.800000000000004,122.02083333333333,0.2919541666666667,0.2584625,37.19166666666667,51.9375,18.002083333333335,66.89375,86.25416666666666,44.62916666666666,20.958333333333332,12.222916666666668,33.12708333333333,50.76666666666667,259.15,904.0,True
125.81875,255.59375,0.3364125,24.025,68.64687500000001,0.23430937500000001,96.5625,195.69375,0.27856562500000004,0.2897375,60.4375,80.95,33.265625,107.24062500000001,142.71875,68.4,30.037499999999998,14.55625,45.228125,66.01875,397.67812499999997,432.0,True
87.33478260869565,185.9086956521739,0.2768152173913043,22.70434782608696,62.39782608695653,0.2598847826086957,62.61739130434783,125.87391304347825,0.24835217391304348,0.24079565217391302,32.052173913043475,47.8304347826087,17.77608695652174,78.9,98.36304347826086,54.04347826086956,19.347826086956523,13.532608695652174,39.25869565217391,46.51739130434783,280.5391304347826,694.0,True
99.14761904761905,205.67142857142858,0.30675714285714284,20.604761904761904,58.84285714285714,0.19650238095238096,76.40952380952382,160.09047619047618,0.2842404761904762,0.2483190476190476,34.51904761904762,48.62380952380953,26.66190476190476,85.15238095238095,113.43095238095239,55.147619047619045,18.204761904761906,13.49047619047619,41.72857142857143,56.207142857142856,289.4190476190476,650.0,False
120.9,256.6529411764706,0.32086764705882354,31.961764705882356,90.16764705882352,0.1977558823529412,83.75294117647059,174.9470588235294,0.30070882352941175,0.2696058823529412,51.800000000000004,77.40294117647058,36.47352941176471,94.54117647058824,134.3029411764706,65.98235294117647,30.341176470588234,15.444117647058825,47.25588235294118,66.89117647058823,371.79705882352937,448.0,True
100.88947368421053,212.5842105263158,0.3104921052631579,25.839473684210525,73.48947368421052,0.23775000000000004,70.83157894736841,149.3684210526316,0.2902842105263158,0.2646421052631579,41.01052631578948,58.28684210526316,23.642105263157898,90.81052631578947,116.20789473684212,59.4421052631579,22.8,14.43157894736842,44.94210526315789,58.11578947368421,317.15263157894736,588.0,False
89.68260869565216,179.8869565217391,0.30091304347826087,24.356521739130436,65.05217391304348,0.20118695652173912,64.4608695652174,130.7304347826087,0.2869434782608696,0.257495652173913,37.36521739130435,55.2804347826087,23.55217391304348,82.17391304347827,107.85000000000001,57.10000000000001,20.94782608695652,12.006521739130436,42.3304347826087,55.073913043478264,277.88043478260863,774.0,True
81.24090909090908,194.96363636363637,0.29808409090909094,22.638636363636365,67.325,0.18061818181818182,57.718181818181826,124.1590909090909,0.2961727272727273,0.2498181818181818,39.04545454545455,57.061363636363645,23.568181818181817,79.25,104.36818181818184,45.97727272727273,18.136363636363637,10.806818181818183,41.91818181818182,56.55681818181818,274.59318181818185,676.0,False
126.1875,273.375,0.369403125,33.765625,91.525,0.21745312500000002,87.55,190.475,0.34460625,0.295625,57.93125,74.759375,33.7125,118.78437500000001,154.596875,58.14375,24.74375,17.6,50.225,71.29375,387.18125,590.0,True
106.90555555555555,239.7722222222222,0.2956166666666667,28.272222222222222,74.71944444444445,0.21724444444444446,79.21111111111111,177.34444444444443,0.27542777777777777,0.24755555555555558,35.266666666666666,51.57222222222222,26.302777777777777,88.93611111111112,117.37222222222223,55.36666666666667,24.72222222222222,11.875,45.45,62.77777777777778,319.8722222222222,440.0,False
120.71176470588235,242.9235294117647,0.3122029411764706,25.685294117647057,72.56470588235295,0.2116735294117647,92.54117647058824,196.86470588235292,0.2942911764705882,0.2613117647058823,50.00588235294118,69.97058823529412,31.676470588235293,104.04705882352943,138.02941176470588,61.93529411764706,26.058823529411764,17.38529411764706,46.11176470588235,57.34411764705882,352.59999999999997,558.0,True
117.04444444444445,245.20555555555555,0.3310916666666667,33.91111111111112,94.89166666666667,0.24836666666666668,78.71111111111111,155.0,0.31946111111111114,0.29732777777777775,49.03333333333333,65.33055555555556,27.84166666666667,98.50833333333334,128.51944444444445,69.21111111111111,24.61111111111111,18.702777777777776,43.61388888888889,69.20277777777778,363.0388888888889,714.0,True
85.35238095238094,193.2761904761905,0.3036142857142857,28.361904761904764,77.37380952380953,0.2286904761904762,60.76190476190476,125.1952380952381,0.24862857142857145,0.2750619047619048,40.36190476190476,56.28809523809524,23.17142857142857,81.69761904761906,106.06428571428572,47.11904761904762,23.48095238095238,14.307142857142859,41.2047619047619,53.09761904761905,287.80238095238093,848.0,True
122.0,275.9866666666667,0.31278,35.87,95.19666666666667,0.20517000000000002,88.38666666666667,187.34,0.2949566666666667,0.2564533333333333,53.45333333333333,75.58666666666666,33.160000000000004,109.80333333333333,145.38666666666668,76.91333333333334,29.77333333333333,14.870000000000001,58.11333333333334,81.39,411.4966666666666,450.0,True
95.08181818181816,208.35,0.3235431818181818,28.772727272727273,82.51590909090909,0.2409909090909091,60.72727272727273,125.94090909090909,0.2840795454545455,0.2843090909090909,41.81363636363637,58.43863636363637,26.027272727272727,79.47500000000001,107.80227272727274,57.61363636363637,21.12272727272727,12.31590909090909,46.540909090909096,61.18863636363637,300.72499999999997,588.0,False
127.37647058823529,262.7588235294118,0.35511176470588235,36.029411764705884,98.61470588235295,0.21974117647058825,83.17647058823529,167.27647058823527,0.34739117647058826,0.2908705882352941,45.5,60.89117647058824,28.817647058823532,104.10000000000001,135.32941176470587,70.9,28.82941176470588,17.04705882352941,45.03235294117647,68.86470588235295,386.6705882352941,602.0,True
110.00526315789473,247.56842105263158,0.32108684210526317,36.18157894736842,101.19736842105263,0.17386052631578947,68.66315789473684,141.9105263157895,0.3241131578947368,0.27141052631578944,53.026315789473685,74.56842105263158,29.418421052631583,96.98157894736842,128.42105263157896,64.04210526315791,20.03157894736842,11.778947368421052,45.81315789473685,64.26315789473684,348.0,514.0,True
88.21818181818182,200.09545454545457,0.2882590909090909,22.03181818181818,62.32272727272727,0.22970227272727275,64.0909090909091,139.45000000000002,0.2711613636363637,0.24608636363636363,34.627272727272725,48.55909090909092,20.211363636363636,76.31590909090909,98.0409090909091,47.56818181818182,19.39090909090909,10.35909090909091,38.49090909090909,52.1,276.8068181818182,710.0,False
121.35882352941177,273.63529411764705,0.3014294117647059,36.05882352941177,102.9235294117647,0.1849823529411765,77.98823529411764,167.68823529411765,0.293864705882353,0.2505058823529412,57.523529411764706,76.42647058823529,29.65294117647059,99.77058823529413,131.50588235294117,65.96470588235294,24.147058823529413,15.076470588235296,41.858823529411765,64.00294117647059,382.33529411764704,604.0,False
71.58518518518518,164.75555555555553,0.2648,20.055555555555557,56.733333333333334,0.21925185185185186,48.91111111111112,108.92222222222223,0.24591111111111114,0.23429629629629628,30.325925925925926,41.211111111111116,20.522222222222222,61.08703703703704,82.98333333333333,34.63703703703704,13.537037037037036,4.688888888888889,28.77037037037037,42.2462962962963,226.03333333333333,1038.0,False
92.8952380952381,207.6047619047619,0.2759714285714286,30.200000000000003,88.78809523809524,0.21953333333333333,59.37142857142857,120.56190476190477,0.2737880952380952,0.24448095238095238,44.91904761904762,65.31904761904762,23.935714285714283,86.4452380952381,112.19761904761906,53.58095238095238,17.666666666666668,11.080952380952382,39.95476190476191,54.50238095238095,302.752380952381,862.0,False
121.66666666666667,244.09444444444443,0.30885833333333335,30.849999999999998,86.56944444444444,0.217125,86.54444444444444,173.39444444444445,0.29893055555555553,0.26177222222222224,44.78333333333333,64.82777777777778,33.725,102.99722222222222,139.11944444444444,66.28333333333335,23.644444444444442,13.305555555555555,44.46666666666667,64.46944444444445,359.14166666666665,656.0,True
99.1,221.63000000000002,0.2512875,32.9225,93.875,0.20693,66.49,141.075,0.23596500000000004,0.22335500000000003,42.705,63.44250000000001,30.777500000000003,88.9825,121.54249999999999,52.410000000000004,19.2,11.14,40.14,62.807500000000005,311.91999999999996,648.0,True
125.8,264.2117647058824,0.36013235294117646,41.49411764705882,106.49411764705883,0.19387058823529413,80.90588235294118,155.91176470588235,0.3435323529411765,0.29449411764705885,47.705882352941174,63.747058823529414,28.758823529411767,106.52352941176471,137.4323529411765,71.98823529411766,25.147058823529413,19.861764705882354,48.997058823529414,72.46764705882353,405.1411764705882,594.0,True
91.6608695652174,204.18695652173915,0.29703913043478264,37.92391304347826,106.61304347826086,0.1955434782608696,51.28695652173913,100.27391304347825,0.29497826086956525,0.2575565217391304,48.96521739130435,61.88695652173914,23.458695652173912,71.84347826086957,96.83695652173913,50.58695652173913,21.48695652173913,11.210869565217392,33.21304347826087,53.9804347826087,292.6282608695652,730.0,True
120.43529411764706,244.6764705882353,0.2911941176470588,28.66764705882353,76.68529411764706,0.2471735294117647,91.02352941176471,185.05882352941177,0.26877647058823534,0.2453705882352941,46.870588235294115,67.54117647058824,28.347058823529412,104.74411764705883,135.12058823529412,73.11764705882354,29.28235294117647,16.920588235294115,48.36176470588235,66.07058823529412,369.8470588235294,478.0,True
94.2,195.00454545454548,0.3161181818181818,24.07045454545454,62.36590909090909,0.19816136363636366,69.92727272727274,144.29999999999998,0.29012045454545454,0.2621318181818182,49.81363636363637,69.69545454545454,22.34090909090909,83.55227272727274,107.8,50.39090909090908,17.90909090909091,11.495454545454546,38.99318181818182,60.44318181818182,304.40681818181815,684.0,True
90.11818181818181,194.75,0.31111363636363637,25.213636363636365,74.81136363636364,0.20621136363636366,67.21818181818182,129.29999999999998,0.2994204545454546,0.2586818181818182,34.18181818181818,54.325,23.431818181818183,82.33181818181819,107.55454545454545,52.79545454545455,19.740909090909092,13.438636363636364,42.074999999999996,54.11363636363637,294.2204545454545,610.0,False
69.39642857142857,150.90714285714284,0.2968285714285714,17.907142857142855,52.394642857142856,0.19432857142857143,47.807142857142864,101.60000000000001,0.2945410714285714,0.2524642857142857,33.417857142857144,45.716071428571425,14.826785714285716,60.364285714285714,76.70714285714287,41.05357142857143,17.114285714285714,10.303571428571429,28.94107142857143,44.457142857142856,216.51607142857142,1008.0,False
103.27222222222221,242.2833333333333,0.2708,34.78888888888889,98.91111111111111,0.19943611111111112,71.97777777777779,149.69444444444446,0.2702305555555556,0.23532777777777777,39.81111111111111,63.838888888888896,31.46944444444445,101.30833333333334,134.91666666666666,55.38333333333334,23.62222222222222,16.49722222222222,49.01111111111111,66.01944444444445,339.7805555555555,762.0,False
87.15833333333332,181.04999999999998,0.29228125,26.464583333333334,74.90625,0.2742875,55.5,104.10833333333333,0.27618333333333334,0.26661666666666667,34.84166666666666,49.94375,16.639583333333334,83.83125,102.77291666666667,47.541666666666664,17.691666666666666,13.797916666666667,33.697916666666664,46.262499999999996,285.9770833333333,944.0,True
100.85714285714286,204.66666666666666,0.2888,22.073809523809523,64.15714285714286,0.2402904761904762,73.44761904761906,152.15714285714287,0.2820904761904762,0.25861428571428574,46.62857142857143,63.661904761904765,27.25,84.60000000000001,113.77380952380952,58.833333333333336,22.523809523809526,12.852380952380951,36.64047619047619,55.54761904761905,312.52142857142854,610.0,False
106.59,219.29000000000002,0.29356499999999996,26.630000000000003,77.3375,0.232025,80.24,158.465,0.2761075,0.256175,42.730000000000004,63.0175,26.605,93.1125,122.19750000000002,59.980000000000004,20.759999999999998,14.647499999999999,44.82,59.17,334.2725,538.0,False
85.16086956521738,195.9695652173913,0.2971173913043478,22.743478260869566,66.77826086956522,0.1990108695652174,58.66956521739131,130.6782608695652,0.2776,0.2466391304347826,38.404347826086955,55.073913043478264,24.130434782608695,77.0804347826087,102.76304347826088,41.539130434782614,16.591304347826085,12.615217391304347,35.95,51.88478260869566,265.33478260869566,754.0,False
121.8777777777778,262.51666666666665,0.24684999999999999,33.03055555555556,95.15555555555555,0.17381944444444444,85.17777777777776,177.02777777777777,0.24093611111111113,0.2134,51.03888888888889,76.1888888888889,36.541666666666664,97.15833333333333,136.18333333333334,69.01111111111112,29.488888888888887,15.761111111111111,45.31666666666667,70.375,373.4972222222222,444.0,True
120.82352941176471,252.4,0.3140823529411764,33.949999999999996,95.04411764705883,0.21172647058823532,85.02352941176471,175.74117647058824,0.29637058823529416,0.2615411764705882,43.699999999999996,61.19117647058823,30.96764705882353,111.67941176470589,144.73529411764707,69.37647058823529,21.682352941176468,17.820588235294117,46.46764705882353,62.36764705882353,366.4970588235294,560.0,True
80.58076923076922,163.96538461538464,0.3163096153846154,20.998076923076926,57.478846153846156,0.23874615384615389,57.13076923076923,115.05000000000001,0.31551346153846155,0.2700961538461538,41.38461538461539,58.96923076923077,19.41346153846154,74.06153846153846,95.66538461538462,48.93846153846154,16.476923076923075,10.705769230769231,34.176923076923075,46.57115384615384,257.8307692307692,946.0,True
75.57083333333334,177.86666666666667,0.27528125,22.65625,68.35208333333334,0.15105208333333334,56.56666666666667,114.73333333333333,0.2836104166666667,0.22927083333333334,33.80833333333333,47.866666666666674,19.095833333333335,64.93125,85.37291666666668,43.145833333333336,21.395833333333332,11.002083333333333,39.55416666666667,55.31875,258.8666666666667,706.0,False
120.24444444444445,255.6277777777778,0.323375,31.991666666666667,88.60555555555555,0.24281944444444445,83.33333333333333,173.51666666666668,0.3103166666666667,0.2712833333333333,57.67222222222222,74.47222222222223,34.125,105.65555555555555,142.01388888888889,62.88333333333334,20.811111111111114,15.119444444444447,45.83888888888889,65.66666666666667,372.8305555555555,642.0,True
106.75,237.35,0.3056775,31.597500000000004,83.3225,0.204535,74.66,159.20499999999998,0.3080025,0.25894500000000004,41.38,61.317499999999995,26.590000000000003,86.88,115.8875,60.765,23.525,11.2375,39.79,60.355000000000004,332.73999999999995,604.0,False
134.08125,274.00624999999997,0.34085624999999997,32.41875,82.8875,0.19579062500000002,98.55,205.9875,0.308421875,0.27266250000000003,52.74375,71.221875,32.1125,115.56875000000001,149.28125,67.96875,21.3875,16.434375000000003,46.540625,64.74375,405.18125,504.0,True
94.9,195.3318181818182,0.30471136363636364,29.39090909090909,79.14999999999999,0.27045681818181816,65.32727272727273,126.91818181818181,0.28144545454545455,0.2717818181818182,40.40909090909091,54.03181818181818,21.28409090909091,82.57045454545455,105.68181818181819,58.41818181818182,21.89090909090909,12.727272727272727,36.9,54.46363636363637,303.6022727272727,840.0,True
109.27777777777777,232.69444444444446,0.325475,35.53611111111111,99.62222222222222,0.20709166666666667,77.44444444444444,149.3722222222222,0.31795,0.27532222222222225,53.25,79.05277777777778,31.283333333333335,106.05555555555556,138.59444444444443,63.63333333333334,25.099999999999998,19.233333333333334,50.69166666666667,66.69999999999999,360.00555555555553,692.0,True
80.428,176.088,0.310614,23.166,67.938,0.224814,54.912,108.196,0.280112,0.269264,35.216,49.818000000000005,18.074,65.01,84.92200000000001,49.084,18.96,9.39,33.442,46.722,265.108,874.0,False
79.18095238095238,174.51428571428573,0.2859357142857143,24.164285714285715,71.54761904761905,0.18689761904761906,52.6952380952381,104.60476190476192,0.28272857142857144,0.24070476190476192,38.81428571428572,50.392857142857146,18.89761904761905,64.98809523809524,85.40714285714286,45.9,17.061904761904763,10.502380952380953,37.083333333333336,51.464285714285715,254.78333333333333,570.0,False
105.58823529411765,229.61176470588236,0.3517058823529412,33.38823529411765,91.93529411764706,0.19975,69.63529411764705,141.71176470588236,0.3335823529411765,0.28291176470588236,47.53529411764706,63.45882352941176,28.38529411764706,93.59705882352942,123.97058823529412,52.61176470588236,23.85882352941176,15.923529411764704,42.11764705882353,64.04117647058824,341.86470588235295,600.0,True
72.9375,165.17916666666667,0.3085,25.108333333333334,73.16666666666667,0.2067625,47.574999999999996,95.64999999999999,0.31207500000000005,0.26464166666666666,34.858333333333334,49.16458333333333,20.20625,71.7,93.16666666666667,41.75833333333333,13.225,9.035416666666668,32.55625,43.50833333333333,238.99374999999998,844.0,True
88.4764705882353,197.56470588235294,0.3369264705882353,28.370588235294118,81.0529411764706,0.20722352941176472,58.141176470588235,118.82941176470588,0.34167352941176476,0.28405294117647056,34.71176470588235,50.22352941176471,24.379411764705882,73.12058823529412,99.41764705882353,48.347058823529416,26.705882352941178,10.455882352941178,41.35588235294117,57.9264705882353,290.3617647058823,588.0,False
95.30625,213.94375,0.28688437499999997,30.603125000000002,86.79375,0.21270625,60.087500000000006,129.6875,0.27816250000000003,0.24406875,42.73125,60.331250000000004,27.525,79.28125,108.73750000000001,58.0375,18.6625,10.775,41.565625,53.15625,299.684375,554.0,False
73.69047619047619,164.2238095238095,0.2879928571428571,21.747619047619047,61.86904761904762,0.17264047619047618,49.409523809523805,101.52857142857142,0.2877071428571429,0.23394285714285715,27.576190476190476,39.019047619047626,18.795238095238094,63.35476190476191,84.16904761904763,37.39047619047619,14.538095238095238,6.4785714285714295,36.16904761904762,38.29761904761905,235.23333333333332,700.0,False
109.58947368421052,224.10526315789474,0.3210710526315789,35.71842105263158,95.83947368421053,0.20696052631578948,64.81052631578947,130.04736842105262,0.3120421052631579,0.27312631578947366,49.67368421052631,66.56052631578947,25.057894736842105,91.72105263157896,119.30526315789474,63.778947368421065,16.99473684210526,13.123684210526315,35.5,54.03684210526316,331.34473684210525,720.0,True
89.30952380952381,178.46190476190475,0.33785,22.942857142857143,63.69047619047619,0.23658333333333334,64.41904761904762,125.96666666666667,0.3173666666666667,0.28243809523809527,34.766666666666666,48.94761904761905,22.39761904761905,73.13809523809525,97.20952380952382,48.57142857142857,19.052380952380954,10.133333333333335,34.28333333333334,49.45,274.9690476190476,866.0,True
74.50454545454545,154.7409090909091,0.2838477272727273,22.686363636363637,61.10227272727273,0.23112727272727274,50.527272727272724,104.16818181818181,0.2534204545454546,0.2525272727272727,30.686363636363637,45.320454545454545,18.670454545454547,62.45227272727273,82.51136363636364,43.081818181818186,15.20909090909091,9.17727272727273,32.54772727272727,41.154545454545456,229.40454545454543,664.0,False
66.47727272727273,152.77727272727273,0.2842909090909091,19.488636363636363,58.20454545454545,0.21093863636363636,46.20909090909091,97.59545454545454,0.279375,0.24354090909090909,31.227272727272727,42.85227272727273,17.563636363636363,59.247727272727275,78.18863636363636,38.68636363636364,16.336363636363636,8.815909090909091,31.59090909090909,40.85,222.76363636363632,694.0,False
81.4,189.8190476190476,0.33117142857142856,34.445238095238096,99.17619047619048,0.16107380952380954,48.53333333333334,95.3,0.3856047619047619,0.2752761904761905,40.91428571428571,55.657142857142865,20.140476190476193,73.29285714285714,95.18571428571428,40.40952380952381,20.323809523809523,11.619047619047619,36.76428571428572,51.392857142857146,286.43095238095236,612.0,True
108.58823529411765,226.2941176470588,0.3074470588235294,25.705882352941178,70.61176470588236,0.20961176470588236,75.78823529411764,154.00588235294117,0.3093794117647059,0.2559882352941176,38.86470588235294,52.94117647058823,21.09705882352941,89.52058823529413,112.91470588235295,68.3,22.370588235294118,14.747058823529413,40.182352941176475,58.49411764705882,334.79411764705884,604.0,True
88.03,183.035,0.33156749999999996,28.2625,76.035,0.24978250000000002,62.11,121.81500000000001,0.31379,0.28335499999999997,46.06,63.06500000000001,24.610000000000003,82.22,108.4075,46.805,17.595,11.235000000000001,36.864999999999995,55.31,297.29499999999996,656.0,True
98.5,202.3,0.3272175,25.5275,72.91499999999999,0.21242,66.75,129.78,0.3118825,0.270985,38.695,58.245000000000005,23.3,78.595,103.9325,59.525,21.39,15.63,38.8,51.55,288.4225,592.0,True
93.73333333333333,189.8095238095238,0.31257857142857143,21.954761904761906,63.7047619047619,0.2505452380952381,65.94285714285714,132.1904761904762,0.30075714285714283,0.27117142857142856,37.28095238095238,51.7904761904762,21.60952380952381,79.64761904761905,103.07380952380953,56.76666666666667,19.333333333333332,12.835714285714285,37.9,51.70714285714286,279.14285714285717,688.0,False
82.18571428571428,181.5952380952381,0.3152214285714286,29.138095238095236,76.87619047619049,0.21005238095238096,48.780952380952385,98.17619047619047,0.3013595238095238,0.2721571428571429,39.24761904761905,54.2452380952381,16.22142857142857,75.96666666666667,93.81904761904762,47.38095238095238,17.785714285714285,9.685714285714287,36.00476190476191,49.397619047619045,277.4,830.0,True
109.0764705882353,223.85294117647058,0.31642941176470585,35.55588235294118,98.94411764705882,0.23314705882352943,71.18823529411765,132.19411764705885,0.33594999999999997,0.2793941176470588,45.800000000000004,67.37941176470588,21.93529411764706,108.14411764705882,132.78823529411764,59.15882352941177,21.394117647058824,17.305882352941175,46.773529411764706,58.18529411764706,361.2029411764706,550.0,True
64.10000000000001,139.1875,0.2859875,19.608333333333334,59.760416666666664,0.19856666666666667,40.74166666666667,82.7875,0.30174375000000003,0.24594583333333334,31.59166666666667,44.833333333333336,16.789583333333336,58.09166666666667,76.22916666666667,36.4625,15.704166666666666,9.854166666666666,29.539583333333336,39.98541666666667,214.07500000000002,914.0,False
107.90588235294118,233.21764705882353,0.3547941176470588,36.88529411764706,98.78235294117647,0.21698823529411765,71.43529411764706,142.30588235294115,0.3402058823529412,0.29068823529411764,40.91764705882353,63.86176470588236,29.061764705882354,93.75882352941177,125.07352941176471,61.32941176470589,21.623529411764707,13.785294117647059,51.07647058823529,63.25882352941177,346.7411764705882,408.0,False
91.4235294117647,205.75882352941176,0.2933117647058823,24.22941176470588,71.52352941176471,0.22153823529411765,67.98823529411764,141.24705882352941,0.28053235294117645,0.25489999999999996,35.48235294117647,56.91470588235295,28.66470588235294,81.28529411764707,112.23529411764706,50.5529411764706,20.723529411764705,12.33235294117647,40.11176470588235,59.61176470588235,290.6029411764706,470.0,False
101.05555555555556,208.38888888888889,0.2800083333333333,25.26388888888889,71.81666666666666,0.20099722222222222,67.92222222222222,137.26666666666668,0.29063333333333335,0.23913333333333334,49.47222222222222,65.98333333333333,21.230555555555558,86.47777777777779,108.87222222222222,52.6,21.25,13.205555555555556,38.43888888888889,53.486111111111114,316.0583333333333,440.0,True
91.32105263157894,195.62105263157895,0.28533157894736844,25.397368421052633,73.72894736842106,0.21018684210526314,64.28421052631579,135.47894736842105,0.2822789473684211,0.24332105263157894,40.526315789473685,56.58947368421053,25.08157894736842,85.11578947368422,111.86052631578947,51.305263157894736,21.568421052631578,14.007894736842108,34.86052631578948,49.05789473684211,292.4078947368421,710.0,True
98.42105263157895,196.2473684210526,0.32355,26.321052631578947,70.63421052631578,0.22061052631578948,68.33684210526314,139.60526315789474,0.32420789473684214,0.2747631578947369,40.794736842105266,59.15263157894737,23.93421052631579,87.88947368421053,114.12368421052633,54.79473684210527,21.42105263157895,13.492105263157896,39.56842105263158,56.247368421052634,301.4078947368421,540.0,True
94.05789473684212,197.68421052631578,0.29939210526315785,25.907894736842106,72.15263157894738,0.19691315789473685,64.96842105263158,131.61052631578946,0.3087684210526316,0.2517263157894737,45.11052631578948,58.48947368421054,22.95,80.68157894736842,105.39473684210527,61.8421052631579,20.805263157894736,9.8,41.12105263157895,58.800000000000004,309.60263157894735,490.0,False
98.85263157894737,213.72631578947366,0.3410605263157895,32.5,85.86052631578949,0.21235789473684213,66.13684210526317,135.44736842105263,0.326671052631579,0.2728157894736842,44.136842105263156,57.71052631578947,25.907894736842106,88.0657894736842,115.39999999999999,45.40526315789474,16.599999999999998,16.460526315789473,36.41578947368421,58.97105263157895,318.6578947368421,574.0,True
79.38695652173914,169.61739130434782,0.34559347826086956,25.87391304347826,70.45434782608696,0.1653739130434783,52.97391304347826,107.05652173913045,0.3601739130434783,0.2720304347826087,30.62608695652174,42.53260869565217,18.81086956521739,64.92173913043479,85.19130434782609,43.2695652173913,16.652173913043477,8.471739130434784,32.547826086956526,48.876086956521746,245.0673913043478,824.0,False
98.25555555555555,210.69444444444446,0.32310833333333333,26.922222222222224,71.46388888888889,0.23672222222222222,69.27777777777777,142.13888888888889,0.29705,0.2668111111111111,43.111111111111114,58.25833333333334,22.025000000000002,86.5888888888889,110.34444444444445,50.31666666666667,20.255555555555556,14.841666666666665,36.18611111111111,52.78333333333333,319.05277777777775,682.0,False
94.44999999999999,204.0611111111111,0.3120083333333333,33.72777777777778,89.46944444444445,0.26024722222222224,59.955555555555556,122.60555555555555,0.31009166666666665,0.2783111111111111,44.28333333333333,60.22777777777779,23.255555555555556,89.975,114.88333333333334,53.272222222222226,24.08888888888889,13.175,42.650000000000006,60.44166666666667,318.85277777777776,600.0,True
82.91,182.76,0.30328499999999997,30.567500000000003,80.88250000000001,0.22553,53.89,106.405,0.2961975,0.257255,37.605000000000004,53.6625,21.497500000000002,82.19500000000001,104.87750000000001,40.905,14.779999999999998,10.305,39.28,51.395,283.2125,660.0,True
77.78260869565217,171.59130434782608,0.31159565217391305,22.921739130434784,62.300000000000004,0.24681304347826089,51.72173913043479,109.29565217391306,0.28981304347826087,0.2690913043478261,34.95652173913044,49.082608695652176,19.141304347826086,61.71739130434783,82.26086956521739,43.70869565217391,17.186956521739127,8.767391304347827,31.917391304347827,49.75,253.98043478260865,704.0,False
102.23333333333333,214.8111111111111,0.30080833333333334,32.16388888888889,85.57222222222222,0.2154111111111111,68.31111111111112,137.97222222222223,0.28358055555555556,0.25756666666666667,50.75555555555556,66.11111111111111,27.59722222222222,90.3138888888889,119.53055555555557,60.51666666666668,19.033333333333335,13.091666666666667,37.644444444444446,53.71111111111111,324.37777777777774,530.0,True
81.91428571428571,187.8952380952381,0.33554285714285714,30.37857142857143,80.55,0.22103571428571428,51.00952380952381,102.54761904761905,0.32728809523809527,0.28435714285714286,33.25238095238095,45.292857142857144,21.423809523809524,69.2357142857143,92.57380952380953,45.84285714285714,18.60952380952381,12.226190476190476,34.2,48.32380952380953,274.5571428571428,798.0,True
73.78518518518518,146.44814814814816,0.3140666666666667,23.916666666666668,61.205555555555556,0.19671296296296298,46.31111111111112,87.2925925925926,0.2988,0.2576148148148148,31.21851851851852,40.85740740740741,13.59814814814815,58.781481481481485,73.99074074074075,43.34444444444444,12.714814814814815,9.166666666666666,25.788888888888888,34.890740740740746,227.0648148148148,1042.0,True
82.82272727272726,175.85,0.31990227272727273,25.86590909090909,69.89318181818182,0.20769545454545454,54.67272727272727,108.91818181818181,0.3306909090909091,0.26681818181818184,25.981818181818184,36.24090909090909,18.795454545454547,71.55000000000001,91.96136363636364,45.75,14.477272727272727,8.681818181818182,36.375,42.622727272727275,256.2863636363636,832.0,False
99.25882352941177,226.6764705882353,0.319014705882353,37.36470588235294,100.71470588235294,0.21258235294117647,60.870588235294115,125.04117647058823,0.301364705882353,0.2726235294117647,40.62352941176471,57.267647058823535,26.673529411764704,84.90882352941176,113.79411764705883,63.86470588235294,23.2,13.13529411764706,44.567647058823525,53.0,329.7705882352941,512.0,False
66.496,147.06,0.308286,18.002,53.738,0.18569000000000002,47.368,99.95200000000001,0.303752,0.25012,27.96,41.942,19.116,60.74,81.07,36.08,14.984000000000002,9.014000000000001,31.686,36.284,211.45,874.0,False
104.40526315789474,214.36315789473684,0.31417894736842106,31.892105263157898,88.09473684210526,0.19459736842105263,62.747368421052634,123.78421052631577,0.3166342105263158,0.2645789473684211,42.46315789473684,56.59736842105263,21.510526315789477,82.27368421052631,105.53421052631579,55.18947368421053,16.34736842105263,11.028947368421052,32.23157894736842,51.852631578947374,306.4552631578947,654.0,True
87.18181818181819,167.73636363636362,0.2882659090909091,25.19090909090909,67.04545454545455,0.2059886363636364,60.32727272727273,113.84545454545454,0.28647954545454546,0.24496818181818183,32.85909090909091,43.71363636363637,20.986363636363638,69.37727272727273,91.96818181818182,47.440909090909095,18.322727272727274,9.23409090909091,31.36818181818182,43.39545454545455,268.03409090909093,864.0,True
75.33809523809524,173.38571428571427,0.30855714285714286,26.071428571428573,73.53809523809524,0.2556357142857143,51.60000000000001,105.68571428571428,0.29374761904761904,0.27187619047619044,35.53333333333334,50.55238095238096,20.214285714285715,69.05714285714286,90.7452380952381,46.400000000000006,17.738095238095237,11.145238095238096,36.21904761904762,48.96190476190476,259.24523809523805,620.0,False
102.60555555555555,215.95555555555555,0.3030916666666667,37.0638888888889,98.07499999999999,0.24011388888888888,60.955555555555556,119.29444444444445,0.3015666666666667,0.2636833333333333,41.62777777777777,55.138888888888886,18.833333333333332,84.25555555555555,104.68055555555556,58.455555555555556,22.37222222222222,11.841666666666667,43.333333333333336,58.47222222222222,325.84166666666664,554.0,False
51.97666666666667,127.59666666666666,0.28067,21.08833333333333,62.235,0.2218516666666667,31.513333333333335,64.48333333333333,0.31608166666666665,0.25687333333333334,23.033333333333335,33.70666666666667,11.711666666666668,47.25333333333334,60.18,29.57,12.423333333333334,7.288333333333333,25.816666666666666,31.833333333333332,184.49333333333334,1072.0,False
97.80499999999999,209.65,0.30035249999999997,27.839999999999996,75.73249999999999,0.20380250000000003,62.52,126.48999999999998,0.29422000000000004,0.25673,35.019999999999996,47.88,17.9525,72.9925,93.17,59.825,21.765,15.3325,35.0475,50.125,296.225,728.0,False
81.725,178.265,0.31361249999999996,32.5575,78.7825,0.26733,52.82000000000001,104.85,0.2874175,0.27717,33.535000000000004,43.50750000000001,20.605,74.2125,96.315,44.120000000000005,17.765,9.605,33.19,47.805,289.7175,698.0,True
92.53157894736842,198.6157894736842,0.33997894736842105,27.34473684210526,76.97105263157896,0.1954842105263158,64.27368421052631,126.83157894736843,0.31360263157894736,0.28368947368421055,39.189473684210526,58.08157894736842,22.00526315789474,80.33421052631579,104.05526315789474,52.021052631578954,20.4,13.06842105263158,42.32631578947369,50.32631578947369,294.5973684210526,530.0,True
106.27777777777777,219.2111111111111,0.3139416666666667,27.819444444444443,77.60277777777777,0.22083055555555556,74.84444444444445,149.17222222222222,0.32064444444444445,0.26621666666666666,41.46111111111111,57.338888888888896,27.336111111111112,89.21666666666667,118.78611111111111,63.96111111111111,25.044444444444444,13.025,37.56388888888889,51.961111111111116,323.1222222222222,602.0,True
79.15714285714286,165.94761904761904,0.3545857142857143,27.904761904761905,77.39047619047619,0.2385,52.476190476190474,99.53809523809525,0.3365595238095238,0.30515238095238095,34.31428571428572,47.15238095238095,16.526190476190475,69.97142857142858,87.70476190476191,45.371428571428574,18.7,8.776190476190477,33.766666666666666,44.84761904761905,263.48571428571427,844.0,True
86.24545454545455,174.44090909090912,0.28748181818181817,29.213636363636365,74.50681818181819,0.2735840909090909,56.76363636363636,106.69090909090909,0.27206136363636363,0.2661454545454545,30.61818181818182,44.28636363636363,19.070454545454545,74.98409090909091,95.99545454545455,44.550000000000004,18.349999999999998,10.011363636363638,32.54772727272727,39.07954545454545,278.40681818181815,696.0,True
113.9,253.3875,0.29409375,35.590625,102.95625,0.20545937500000003,72.125,151.3125,0.290275,0.25039375,49.4375,69.64687500000001,28.178125,94.17812500000001,124.946875,70.7,27.5875,16.29375,46.871874999999996,66.253125,358.29999999999995,534.0,False
83.8,177.33809523809524,0.2797928571428571,24.335714285714285,69.59761904761905,0.20441428571428572,62.209523809523816,117.54761904761905,0.2857,0.24121428571428571,36.0,55.87142857142857,26.47142857142857,74.63809523809525,102.44523809523811,46.10476190476191,17.81904761904762,9.533333333333335,35.68333333333334,42.714285714285715,277.8142857142857,618.0,False
92.21052631578948,205.97368421052633,0.29120526315789474,28.789473684210527,73.2921052631579,0.17918157894736844,60.43157894736842,132.32631578947368,0.28911842105263164,0.24151052631578948,37.23684210526316,51.223684210526315,23.376315789473683,83.06052631578947,108.15263157894738,44.87894736842105,18.210526315789473,13.715789473684211,34.67368421052631,54.01052631578948,289.1473684210526,600.0,True
75.26818181818182,168.93636363636364,0.31015227272727275,23.254545454545454,68.30227272727274,0.20032954545454548,49.52727272727273,103.85909090909091,0.3175204545454546,0.26516818181818186,28.454545454545453,43.45,20.061363636363637,73.65681818181818,95.20681818181819,36.46363636363637,15.281818181818181,9.413636363636364,38.27272727272727,41.09318181818182,242.46363636363637,658.0,False
59.18571428571429,134.2607142857143,0.2906571428571429,16.12857142857143,47.658928571428575,0.22724821428571432,40.80714285714286,91.76785714285714,0.2823232142857143,0.24844285714285716,25.25357142857143,35.473214285714285,16.8125,57.642857142857146,75.56964285714287,29.021428571428572,11.917857142857143,7.578571428571429,23.875,30.69107142857143,189.16428571428568,1184.0,False
77.24347826086957,161.10434782608695,0.27830217391304346,22.880434782608695,61.06521739130435,0.19329565217391306,55.73913043478261,112.12608695652175,0.2599391304347826,0.23824347826086958,38.582608695652176,55.70652173913044,19.65,70.5,91.64782608695653,40.1,19.617391304347827,12.27826086956522,32.95,43.98478260869565,251.10217391304346,740.0,True
112.34705882352942,224.16470588235296,0.3256235294117647,32.90882352941177,86.7264705882353,0.23906764705882355,73.69411764705882,141.9470588235294,0.32425000000000004,0.28247647058823533,40.05294117647059,51.90882352941177,23.50294117647059,92.01470588235294,116.94117647058823,69.15882352941176,21.241176470588236,11.755882352941176,38.42941176470589,56.55294117647059,347.3588235294117,510.0,True
105.83529411764707,231.8764705882353,0.31230882352941175,42.65,110.39999999999999,0.21625294117647062,63.505882352941185,131.4235294117647,0.3006529411764706,0.26350588235294115,48.135294117647064,61.39117647058824,29.447058823529414,93.89411764705882,124.79411764705883,50.082352941176474,19.405882352941177,13.88529411764706,34.16764705882353,56.13823529411765,349.90588235294115,488.0,True
84.8875,168.34583333333333,0.3167,23.820833333333336,64.93124999999999,0.19588333333333333,57.56666666666666,110.77916666666665,0.3104104166666667,0.26095833333333335,31.9375,45.512499999999996,17.310416666666665,61.46666666666667,80.29166666666667,47.962500000000006,16.175,10.020833333333334,28.764583333333334,40.93541666666667,244.80624999999998,890.0,False
103.48333333333333,215.75,0.334025,24.925,71.28333333333333,0.23156388888888887,74.83333333333333,152.86666666666667,0.3233111111111111,0.27289444444444444,40.18888888888889,56.65833333333333,23.561111111111114,85.70833333333333,110.78333333333335,52.93333333333334,19.383333333333333,14.030555555555557,32.888888888888886,50.138888888888886,316.2583333333333,662.0,False
75.31818181818181,171.63636363636363,0.3220363636363636,29.768181818181816,79.85909090909091,0.23822045454545454,46.17272727272728,95.32727272727271,0.31378636363636364,0.28796363636363637,32.904545454545456,44.48409090909092,18.947727272727274,64.49545454545455,84.76363636363637,42.40909090909091,19.14090909090909,11.731818181818182,30.627272727272725,48.184090909090905,257.49545454545455,788.0,False
98.3777777777778,215.6277777777778,0.31233333333333335,43.575,112.68333333333334,0.21372500000000003,57.599999999999994,111.60555555555555,0.30086388888888893,0.27723333333333333,44.422222222222224,59.08611111111111,26.51111111111111,94.08888888888889,122.41666666666667,52.97222222222222,18.5,14.925000000000002,39.708333333333336,51.34166666666667,332.4,610.0,True
94.5142857142857,195.91904761904763,0.32565714285714287,21.60952380952381,61.62380952380953,0.2067309523809524,66.97142857142858,135.78571428571428,0.31706666666666666,0.26768095238095235,42.36666666666667,59.7952380952381,20.047619047619047,73.32380952380953,95.27619047619048,57.27619047619047,17.747619047619047,9.635714285714286,35.583333333333336,51.44761904761905,285.5,678.0,True
85.21666666666667,180.22916666666666,0.29170625,28.016666666666666,74.97291666666666,0.22750833333333334,56.65833333333333,111.71666666666665,0.2840854166666667,0.25871249999999996,39.516666666666666,51.074999999999996,22.133333333333336,73.22916666666667,96.65208333333334,49.51250000000001,16.866666666666667,9.904166666666667,28.160416666666666,44.393750000000004,277.74583333333334,766.0,True
65.31071428571428,145.2107142857143,0.2912464285714286,23.969642857142855,67.25714285714285,0.19720714285714286,42.92857142857143,81.01785714285714,0.2802767857142857,0.2506,28.099999999999998,37.53750000000001,19.626785714285713,64.34285714285714,85.14642857142857,38.44642857142857,14.689285714285715,11.764285714285716,28.192857142857143,37.666071428571435,231.4267857142857,1134.0,True
87.77916666666665,179.82083333333333,0.30341250000000003,25.129166666666666,68.47708333333334,0.21177500000000002,62.00833333333333,120.3125,0.2927104166666667,0.25742916666666665,37.77916666666667,50.1625,21.568749999999998,72.54375,95.68333333333334,48.40833333333333,16.804166666666667,12.006250000000001,33.56875,48.43958333333333,274.55,802.0,True
92.75454545454545,189.62727272727273,0.32700681818181815,25.022727272727273,66.88181818181819,0.18806590909090912,66.12727272727273,131.33636363636364,0.3144181818181818,0.27265,35.13636363636363,48.940909090909095,19.05454545454546,78.43181818181819,99.04772727272729,45.690909090909095,18.118181818181817,9.688636363636364,34.550000000000004,48.10454545454545,294.05909090909086,660.0,True
107.39473684210526,229.7052631578947,0.3291078947368421,37.044736842105266,100.91842105263159,0.1864,70.03157894736842,135.4157894736842,0.31896578947368426,0.2658947368421053,40.26315789473684,59.81315789473685,27.76842105263158,90.21052631578948,120.23947368421054,64.91052631578947,25.64736842105263,13.813157894736845,40.63157894736842,60.1342105263158,353.1973684210526,584.0,False
77.3,153.52692307692308,0.31872115384615385,20.95576923076923,59.46346153846154,0.16573461538461537,52.7,101.82692307692308,0.32167115384615386,0.2683615384615385,33.246153846153845,46.79807692307692,19.919230769230772,69.49807692307692,90.76346153846154,48.126923076923084,15.580769230769231,8.86923076923077,30.746153846153845,37.98076923076923,242.33653846153845,894.0,False
72.64074074074074,163.6074074074074,0.26837777777777777,24.961111111111112,71.2611111111111,0.18582407407407406,43.98518518518518,88.17407407407407,0.27745000000000003,0.22868518518518519,30.744444444444444,42.548148148148144,16.616666666666667,60.766666666666666,78.91296296296296,40.7037037037037,13.87037037037037,7.62037037037037,26.696296296296296,41.342592592592595,233.54259259259257,1126.0,True
96.41818181818181,190.62272727272727,0.3109227272727273,29.58409090909091,82.97272727272728,0.2306159090909091,66.52727272727272,120.5090909090909,0.30017727272727274,0.2718863636363636,37.02272727272727,52.28863636363637,21.277272727272727,84.26363636363637,107.15454545454546,54.6,18.181818181818183,8.763636363636364,39.87045454545454,51.64545454545455,297.00227272727267,766.0,True
68.22592592592592,162.44074074074072,0.2589722222222222,21.237037037037037,65.26666666666667,0.18842037037037038,44.65185185185185,97.02222222222223,0.25286111111111115,0.22483703703703703,30.94814814814815,42.870370370370374,19.71666666666667,58.34814814814815,79.78888888888889,40.81481481481482,16.51111111111111,9.024074074074074,30.585185185185182,45.86666666666667,226.17222222222222,936.0,False
108.78235294117647,257.56470588235294,0.31121470588235295,45.78235294117647,125.70294117647057,0.22387647058823532,63.69411764705882,124.93529411764706,0.3168852941176471,0.27769411764705887,44.11176470588235,60.88529411764706,27.27058823529412,103.1029411764706,132.68235294117648,66.62941176470588,28.888235294117646,13.344117647058825,51.67058823529412,69.55,379.79705882352937,558.0,True
100.40526315789474,224.75789473684208,0.31288421052631576,36.82105263157895,105.28157894736842,0.22982105263157895,63.49473684210527,125.77894736842106,0.3250078947368421,0.2768894736842105,45.06842105263158,69.72631578947369,24.644736842105264,88.66052631578947,115.31842105263159,55.352631578947374,21.49473684210526,13.128947368421054,51.70789473684211,62.38157894736842,334.8736842105263,534.0,False
72.35,164.35,0.30530357142857145,22.599999999999998,65.43392857142858,0.1981357142857143,46.07142857142857,92.82857142857142,0.3105107142857143,0.26154285714285713,29.125,40.19464285714286,17.57857142857143,55.63035714285714,75.3125,44.800000000000004,14.710714285714285,10.575000000000001,29.55535714285714,40.61607142857143,232.91428571428568,1038.0,False
81.9,182.29130434782607,0.30905217391304346,28.89782608695652,77.52173913043478,0.25306739130434786,55.30434782608695,112.75652173913043,0.2907826086956522,0.2649913043478261,31.23478260869565,44.56956521739131,20.791304347826088,77.95217391304348,99.92608695652174,41.369565217391305,17.504347826086956,12.021739130434783,35.61304347826087,46.80434782608695,271.7260869565217,808.0,False
84.49600000000001,177.1,0.294294,24.901999999999997,71.28399999999999,0.19549400000000003,57.88,113.40799999999999,0.29677600000000004,0.252424,33.216,50.166000000000004,18.538,70.176,90.54800000000002,44.292,16.852,11.182,34.322,45.49,260.674,734.0,False
93.50434782608696,207.9608695652174,0.27634565217391305,27.002173913043475,75.06739130434782,0.17322826086956522,63.12173913043478,131.38260869565218,0.2839043478260869,0.2394,36.09130434782609,53.32608695652174,30.393478260869564,75.69347826086957,108.6717391304348,51.77391304347827,23.47391304347826,14.671739130434782,33.51086956521739,48.47173913043478,293.3,788.0,True
84.50909090909092,186.38181818181818,0.3109363636363636,33.87954545454546,89.11818181818182,0.24394545454545458,55.25454545454546,108.7590909090909,0.28556136363636364,0.2741636363636364,38.20909090909091,51.85454545454545,22.44090909090909,79.24772727272727,103.1909090909091,52.53181818181818,19.013636363636362,7.818181818181818,38.55227272727273,53.17727272727273,290.4022727272727,786.0,True
69.93448275862069,143.69655172413792,0.26475,23.846551724137928,64.91034482758621,0.21529310344827587,45.13793103448276,86.42068965517241,0.2590724137931035,0.23696896551724136,28.56896551724138,40.806896551724144,16.853448275862068,63.29827586206897,81.71896551724137,37.09655172413794,15.017241379310345,7.151724137931034,26.413793103448278,35.58965517241379,231.74137931034483,1226.0,True
119.31666666666666,253.57777777777775,0.30965,41.22777777777778,115.72777777777777,0.21485,74.0,145.80555555555554,0.3123722222222222,0.2652555555555556,51.91111111111111,72.06944444444444,31.116666666666667,95.62500000000001,129.45277777777778,70.07777777777778,27.288888888888888,16.55,47.769444444444446,69.79166666666667,375.125,572.0,True
88.57272727272728,192.11818181818182,0.2864318181818182,25.238636363636363,76.43409090909091,0.21797045454545455,63.96363636363637,126.19545454545454,0.27540909090909094,0.24839090909090908,40.85909090909091,56.91818181818182,28.204545454545453,78.32954545454545,108.35909090909091,49.68181818181818,21.236363636363635,9.879545454545454,37.570454545454545,51.66136363636363,288.35909090909087,728.0,True
79.34782608695652,187.4521739130435,0.26071304347826085,31.27608695652174,86.55434782608695,0.18043043478260873,49.52173913043478,102.64347826086957,0.24694565217391307,0.22724782608695654,36.92173913043478,54.15,26.25217391304348,75.77391304347827,103.66739130434784,42.800000000000004,16.991304347826087,11.993478260869566,33.09347826086957,50.665217391304346,269.48478260869564,784.0,False
73.81153846153846,174.23076923076923,0.2963019230769231,22.998076923076926,72.10576923076923,0.2042576923076923,45.39999999999999,97.63076923076923,0.30139807692307696,0.25769615384615385,30.200000000000003,41.330769230769235,18.253846153846155,66.8,86.92115384615386,38.03076923076923,16.534615384615385,9.038461538461538,30.98846153846154,39.426923076923075,233.625,892.0,False
86.38181818181819,198.4272727272727,0.2757136363636363,26.61818181818182,80.93181818181819,0.22259318181818183,54.7,115.0,0.27951136363636364,0.24802272727272728,35.85454545454546,48.175,20.363636363636363,81.69545454545455,103.70227272727274,50.77272727272727,17.436363636363634,11.111363636363636,38.24318181818182,50.804545454545455,276.55454545454546,728.0,False
88.81739130434784,176.5695652173913,0.31658478260869566,25.047826086956523,69.30652173913043,0.16236521739130436,61.904347826086955,125.03043478260871,0.3130978260869565,0.2640347826086957,46.17391304347826,61.22173913043479,19.95,79.37173913043478,100.45652173913045,45.765217391304354,18.517391304347825,12.332608695652173,32.18913043478261,48.52826086956522,278.2326086956522,754.0,True
94.87826086956522,192.6217391304348,0.2890108695652174,25.91304347826087,71.2804347826087,0.18818260869565218,67.66956521739131,130.65652173913043,0.28164782608695654,0.24215652173913044,34.36521739130435,46.89565217391305,22.286956521739132,80.72608695652175,104.40869565217392,61.11739130434783,21.117391304347827,10.393478260869564,32.95652173913044,49.654347826086955,290.6673913043478,766.0,True
65.98518518518519,160.29259259259257,0.29471111111111115,26.1462962962963,74.77592592592593,0.21260555555555558,43.14074074074074,89.27407407407408,0.2976055555555555,0.25894074074074075,30.288888888888888,42.74444444444445,18.744444444444444,60.38333333333334,80.52222222222224,37.74444444444445,16.61111111111111,8.133333333333335,31.32037037037037,44.01111111111112,228.27777777777777,956.0,False
82.1576923076923,172.34230769230768,0.2865576923076923,23.082692307692312,66.6076923076923,0.204625,56.838461538461544,113.64999999999999,0.2765480769230769,0.23572307692307692,34.51538461538461,49.33269230769231,18.85576923076923,68.375,88.62884615384615,42.52307692307692,15.534615384615384,9.225000000000001,32.544230769230765,42.27307692307693,247.81346153846152,1012.0,False
85.72083333333335,189.0583333333333,0.282925,25.008333333333336,71.18958333333333,0.18362916666666665,61.09166666666667,122.95,0.2777916666666667,0.23617083333333333,31.620833333333334,45.237500000000004,23.30416666666667,69.71666666666667,94.59375,54.770833333333336,18.491666666666667,11.03125,31.474999999999998,42.89791666666667,274.50624999999997,820.0,False
87.71739130434783,189.16521739130437,0.28053260869565216,26.29565217391304,74.64782608695653,0.19022391304347827,59.4,123.35217391304347,0.2891108695652174,0.23643913043478262,33.23478260869565,48.49130434782609,28.793478260869566,71.70652173913044,102.79565217391306,43.06521739130435,21.843478260869563,10.384782608695653,30.706521739130434,48.48260869565217,276.9043478260869,732.0,True
81.1625,177.82500000000002,0.32774375,32.24583333333333,90.10208333333333,0.18925,51.46666666666667,95.94583333333333,0.3482,0.27802083333333333,36.1875,53.087500000000006,23.477083333333336,78.66250000000001,103.6375,41.4375,17.070833333333333,11.841666666666667,34.22083333333333,44.90625,274.1770833333333,778.0,True
69.63103448275862,145.0103448275862,0.29694827586206896,18.42413793103448,53.80862068965517,0.1549103448275862,49.800000000000004,96.71724137931035,0.2865844827586207,0.2405,28.720689655172414,40.310344827586206,15.574137931034484,59.225862068965526,75.99310344827587,41.03103448275862,12.593103448275862,9.26551724137931,26.77758620689655,36.810344827586206,217.9362068965517,1126.0,False
82.5125,181.1,0.32204062499999997,22.55625,64.934375,0.197809375,59.237500000000004,116.56875,0.31903750000000003,0.27759375,37.29375,46.978125,21.31875,65.634375,88.24062500000001,47.0625,15.48125,10.321875,29.275000000000002,42.49375,263.909375,326.0,False
80.50625000000001,161.2375,0.34950000000000003,27.50625,75.021875,0.19276875000000002,47.6,88.03125,0.37105625,0.2871875,34.04375,45.296875,18.984375,70.95,91.48125,46.94375,14.025,11.353125,30.56875,42.315625,266.67812499999997,456.0,False
78.54705882352941,153.9823529411765,0.30727058823529413,23.92058823529412,60.620588235294115,0.22681764705882354,52.847058823529416,96.52352941176471,0.2882676470588235,0.2675294117647059,28.5,40.023529411764706,13.420588235294119,58.58529411764706,73.29117647058824,43.91764705882353,14.452941176470588,13.358823529411765,30.03235294117647,44.01176470588236,240.32647058823528,398.0,False
74.24375,160.18125,0.310659375,20.73125,56.521874999999994,0.199134375,52.3,101.675,0.292371875,0.26799375000000003,31.0875,42.300000000000004,16.137500000000003,66.878125,84.296875,39.81875,16.487499999999997,8.8875,31.4375,42.1875,251.74374999999998,404.0,False
78.6625,175.675,0.325790625,22.521875,69.54375,0.181815625,57.2875,113.2625,0.31809375,0.26661875,35.18125,51.368750000000006,25.250000000000004,67.60625,94.275,45.243750000000006,17.85,10.6125,32.06875,47.962500000000006,258.578125,432.0,False
85.61999999999999,181.23999999999998,0.34203,26.783333333333335,72.69,0.2603533333333334,58.45333333333334,112.28,0.33837,0.28459333333333336,37.806666666666665,52.5,20.58,71.79,93.99333333333334,48.82666666666667,16.486666666666665,9.836666666666668,34.843333333333334,45.71666666666667,278.81999999999994,380.0,False
73.04736842105262,147.78947368421052,0.3253263157894737,24.352631578947367,67.52631578947368,0.23569473684210526,42.189473684210526,79.5,0.3324105263157895,0.2924421052631579,38.152631578947364,52.034210526315796,13.273684210526318,52.613157894736844,66.96052631578948,40.39473684210526,12.557894736842105,7.271052631578947,24.023684210526316,40.068421052631585,222.13684210526313,558.0,False
87.09375,168.03125,0.33585,24.809375,62.196875,0.271409375,60.375,111.3875,0.312159375,0.2812,33.9625,48.99375,18.740625,65.8375,86.384375,48.79375,16.2625,8.61875,34.675,42.53125,264.640625,360.0,False
69.58333333333333,150.55555555555554,0.31855833333333333,20.197222222222223,56.452777777777776,0.19095833333333334,46.599999999999994,96.66111111111111,0.3086055555555556,0.26748333333333335,34.349999999999994,49.49444444444444,20.34166666666667,58.0,79.63888888888889,38.5,14.561111111111112,7.1305555555555555,31.380555555555556,44.92777777777778,230.21944444444443,452.0,False
82.375,183.86875,0.337565625,34.709375,90.8125,0.27361875,45.95,88.44375,0.337959375,0.30185,33.475,42.956250000000004,18.525000000000002,64.721875,84.825,50.456250000000004,15.29375,7.3125,36.821875,47.43125,264.925,454.0,False
73.48125,168.98125,0.34175625,22.909375,69.99375,0.237590625,50.1,101.97500000000001,0.298059375,0.2994,34.74375,50.328125,24.615625,64.896875,91.575,38.425,15.40625,9.778125000000001,38.415625,44.70625,242.6875,362.0,False
75.7375,162.85625000000002,0.3120375,27.490625,75.940625,0.208659375,49.612500000000004,96.0125,0.315909375,0.26480625,36.625,49.95625,18.80625,61.893750000000004,82.38125,51.862500000000004,18.55625,13.453125,34.449999999999996,48.46875,265.60625,352.0,False
76.8375,173.4875,0.32064375,27.028125,71.49375,0.24507500000000002,49.3875,100.66875,0.30593437500000004,0.27515625,34.88125,49.865625,21.03125,69.909375,92.4375,42.10625,15.462499999999999,10.275,34.725,45.59375,264.40625,480.0,False
74.93157894736841,149.6,0.3038447368421053,18.297368421052635,54.050000000000004,0.22394473684210525,54.6,103.24736842105263,0.28182894736842107,0.26138421052631583,35.22631578947368,48.42368421052632,15.476315789473684,60.72631578947368,77.66578947368421,41.46842105263158,12.578947368421053,8.171052631578947,27.47105263157895,34.96052631578947,228.22368421052633,404.0,False
85.70625,176.1625,0.322321875,21.59375,62.4625,0.187225,59.1,116.625,0.32868125000000004,0.263,36.25625,54.10625,26.496875,68.984375,97.34375,48.59375,17.6125,13.0625,31.553124999999998,43.840625,260.60625,438.0,False
72.76875,160.10625,0.293625,25.096875,74.23125,0.18844062500000003,51.337500000000006,100.60625,0.30776562500000004,0.25285625,35.40625,46.990625,19.3125,62.45,83.17812500000001,40.56875,19.15,6.190625,31.1625,42.190625000000004,249.5125,488.0,False
77.54117647058824,160.36470588235292,0.2838970588235294,26.214705882352945,72.29117647058824,0.23965294117647062,48.67058823529412,93.82352941176471,0.2956323529411765,0.2637235294117647,29.129411764705882,43.45294117647059,19.88823529411765,67.93529411764706,90.07647058823531,42.94117647058823,14.511764705882353,10.544117647058826,32.17941176470588,37.8764705882353,243.83529411764704,584.0,False
75.45555555555556,155.58333333333334,0.3574333333333333,21.825000000000003,61.34444444444445,0.2009888888888889,51.67777777777778,95.70555555555556,0.3622416666666667,0.30042222222222226,31.75,45.51666666666667,16.944444444444443,60.78611111111112,78.86111111111111,40.605555555555554,16.522222222222222,10.416666666666666,34.425,45.21944444444445,239.83333333333334,446.0,False
78.70625,165.4625,0.33148125,23.10625,64.278125,0.22861875000000004,57.2875,109.2625,0.3207375,0.28020625,37.35625,52.890625,21.690625,66.790625,90.12812500000001,44.650000000000006,19.68125,8.606250000000001,35.08125,46.26875,264.575,444.0,False
87.575,190.2125,0.303525,24.378125,71.09375,0.213640625,56.3625,115.2625,0.27051562500000004,0.2636125,40.225,54.653125,28.471875,70.29375,100.49375,44.862500000000004,14.325,9.528125000000001,29.5125,46.825,266.728125,412.0,False
82.425,194.13125,0.30519375,24.153125,66.79375,0.263909375,49.8875,108.80624999999999,0.30721875,0.27365,36.825,46.20625,17.446875000000002,58.228125,78.525,42.61875,17.75,9.075000000000001,31.53125,45.459375,261.1625,392.0,False
73.01764705882353,145.70000000000002,0.32025882352941176,18.820588235294117,52.93529411764706,0.2545058823529412,50.800000000000004,98.1470588235294,0.32510588235294113,0.2796647058823529,36.2235294117647,50.17352941176471,16.938235294117646,62.9470588235294,81.47352941176472,38.317647058823525,14.423529411764704,8.997058823529413,32.317647058823525,42.66764705882353,237.02352941176468,506.0,False
75.42941176470588,144.40588235294118,0.30814411764705885,22.044117647058822,57.279411764705884,0.17739117647058825,50.470588235294116,97.67647058823529,0.3006058823529412,0.2612764705882353,37.72941176470588,49.550000000000004,15.526470588235293,59.02058823529412,75.85000000000001,42.6,15.976470588235296,9.32058823529412,29.3,41.92352941176471,234.95294117647057,466.0,False
77.3,173.40625,0.310584375,27.7875,71.240625,0.266653125,52.9625,109.9875,0.28933125000000004,0.27536875,32.14375,44.19375,22.796875,63.706250000000004,88.25,48.99375,15.7125,10.59375,33.1625,47.334375,259.58124999999995,428.0,False
80.33333333333333,169.00666666666666,0.32998,27.19333333333333,72.65333333333334,0.24842,51.88,98.64666666666668,0.3565866666666667,0.27802666666666664,41.22,55.64333333333333,19.576666666666664,66.19333333333333,87.25,41.86000000000001,14.513333333333332,9.783333333333333,35.49333333333333,48.17666666666667,270.27,338.0,False
73.6,147.14999999999998,0.37364166666666665,23.56388888888889,63.84166666666667,0.23486944444444446,48.81111111111111,89.67777777777778,0.3548277777777778,0.31575555555555557,33.105555555555554,45.68333333333333,15.38888888888889,58.40277777777778,74.82222222222224,40.44444444444444,12.783333333333333,5.480555555555556,28.686111111111114,38.26666666666667,231.66666666666666,438.0,False
60.205,132.51500000000001,0.32514750000000003,17.5925,50.822500000000005,0.20530500000000002,45.05,88.09,0.3430225,0.272445,23.44,34.597500000000004,19.157500000000002,49.04,69.46000000000001,35.465,12.059999999999999,7.05,28.52,35.652499999999996,202.6075,512.0,False
73.6,148.19444444444446,0.3579083333333333,18.816666666666666,55.27777777777778,0.23724166666666668,53.54444444444445,107.12777777777778,0.3319194444444445,0.3045611111111111,35.583333333333336,49.330555555555556,22.811111111111114,56.45,80.81111111111112,35.31666666666667,18.005555555555553,9.952777777777778,24.538888888888888,41.55833333333333,231.26944444444442,526.0,False
74.0875,177.98749999999998,0.36112500000000003,31.64375,86.34687500000001,0.202271875,46.075,89.725,0.346490625,0.29972499999999996,33.43125,47.400000000000006,21.928125,64.059375,87.890625,44.9875,15.04375,10.484375,36.959375,47.1125,268.59999999999997,290.0,False
67.23157894736842,129.0421052631579,0.30511578947368423,16.93421052631579,47.70263157894737,0.21566315789473683,48.294736842105266,91.08421052631579,0.3075263157894737,0.25757368421052634,29.021052631578947,41.58157894736843,15.460526315789476,57.81052631578948,74.48421052631579,36.55263157894737,12.557894736842105,9.676315789473685,26.394736842105264,36.21578947368421,210.42894736842103,512.0,False
